Workbook

Sheet 使い方
B1: 進捗管理シート 使い方
B3: 概要
B4: タスクの依存関係(先行タスク)と所要日数から、各タスクの計画開始日・終了日・クリティカルパスを自動計算します。
B5: 「タスク一覧」シートに入力するだけで、他のシートは自動的に更新されます。
B8: ■ シート構成
B9: 設定
B10: プロジェクト開始日を入力します(黄色セル)。終了予定日は自動計算されます。
B11: マイルストーン一覧
B12: マイルストーン名と期限を登録します。「タスク一覧」のプルダウンに反映されます。
B13: 担当者一覧
B14: 担当者名を登録します。「タスク一覧」のプルダウンに反映されます。
B15: タスク一覧
... B56: ■ 今後について

Sheet 設定
A1: プロジェクト設定
A2: プロジェクト開始日 | B2: 46237 | C2: ★ここを編集してください(最初のタスクの着手日)
A3: プロジェクト終了予定日(自動計算) | B3: =IFERROR(MAX(タスク一覧!$L$3:$L$102),"") -> 46280 | C3: 全タスクの計画終了日のうち、最も遅い日付(=クリティカルパスの完了日)
A4: 本日 | B4: =TODAY() -> 46227

Sheet マイルストーン一覧
A1: マイルストーン一覧
A2: ID | B2: マイルストーン名 | C2: 期限 | D2: 備考
A3: M1 | B3: 要件定義完了 | C3: 46248 | D3: サンプル
A4: M2 | B4: 設計完了 | C4: 46276 | D4: サンプル
A5: M3 | B5: リリース | C5: 46304 | D5: サンプル
A15: ※ 3行目以降に自由に追加してください(空欄不可・IDは一意にしてください)。「タスク一覧」のマイルストーン欄のプルダウンはB3:B12を参照しています。

Sheet 担当者一覧
A1: 担当者一覧
A2: ID | B2: 氏名 | C2: 備考
A3: A1 | B3: 担当者A(例) | C3: サンプル。実際の氏名に置き換えてください
A4: A2 | B4: 担当者B(例) | C4: サンプル。実際の氏名に置き換えてください
A5: A3 | B5: 担当者C(例) | C5: サンプル。実際の氏名に置き換えてください
A15: ※ 3行目以降に自由に追加してください。「タスク一覧」の担当者欄のプルダウンはB3:B12を参照しています。

Sheet タスク一覧
A1: タスク一覧
A2: ID | B2: 親タスクID (サブタスク用) | C2: タスク名 | D2: マイルストーン | E2: 担当者 | F2: 先行 タスク1 | G2: 先行 タスク2 | H2: 先行 タスク3 | I2: 所要日数 (営業日) | J2: ステータス | K2: 計画開始日 (自動計算) | L2: 計画終了日 (自動計算) | M2: 最遅開始日 (自動計算) | N2: 最遅終了日 (自動計算) | O2: 余裕日数 (自動計算) | P2: クリティカル パス | Q2: 遅延 | R2: ブロック要因 (自動計算) | S2: 残タスク (1/0)
A3: 1 | C3: 要件ヒアリング | D3: 要件定義完了 | E3: 担当者A(例) | I3: 3 | J3: 完了 | K3: =IF($A3="","",設定!$B$2) -> 46237 | L3: =IF($A3="","",WORKDAY($K3,$I3-1)) -> 46239 | M3: =IF($A3="","",WORKDAY($N3,-($I3-1))) -> 46237 | N3: =IF($A3="","",IF(COUNTIF($F$4:$F$102,$A3)+COUNTIF($G$4:$G$102,$A3)+COUNTIF($H$4:$H$102,$A3)=0,設定!$B$3,MIN(IF(COUNTIF($F$4:$F$102,$A3)=0,999999,IFERROR(WORKDAY(_xlfn.MINIFS($M$4:$M$102,$F$4:$F$102,$A3),-1),999999)),IF(COUNTIF($G$4:$G$102,$A3)=0,999999,IFERROR(WORKDAY(_xlfn.MINIFS($M$4:$M$102,$G$4:$G$102,$A3),-1),999999)),IF(COUNTIF($H$4:$H$102,$A3)=0,999999,IFERROR(WORKDAY(_xlfn.MINIFS($M$4:$M$102,$H$4:$H$102,$A3),-1),999999))))) -> 46239 | O3: =IF($A3="","",NETWORKDAYS($K3,$M3)-1) -> 0 | P3: =IF($A3="","",IF($O3<=0,"クリティカル","")) -> クリティカル | Q3: =IF($A3="","",IF(AND($J3<>"完了",TODAY()>$L3),"遅延","")) | R3: =IF($A3="","",_xlfn.TEXTJOIN(", ",TRUE(),IF($F3="","",IF(IFERROR(INDEX($J$3:$J$102,MATCH($F3,$A$3:$A$102,0)),"")<>"完了",IFERROR(INDEX($C$3:$C$102,MATCH($F3,$A$3:$A$102,0)),""),"")),IF($G3="","",IF(IFERROR(INDEX($J$3:$J$102,MATCH($G3,$A$3:$A$102,0)),"")<>"完了",IFERROR(INDEX($C$3:$C$102,MATCH($G3,$A$3:$A$102,0)),""),"")),IF($H3="","",IF(IFERROR(INDEX($J$3:$J$102,MATCH($H3,$A$3:$A$102,0)),"")<>"完了",IFERROR(INDEX($C$3:$C$102,MATCH($H3,$A$3:$A$102,0)),""),"")))) | S3: =IF($A3="","",IF($J3<>"完了",1,0)) -> 0
A4: 2 | C4: 要件定義書作成 | D4: 要件定義完了 | E4: 担当者A(例) | F4: 1 | I4: 4 | J4: 完了 | K4: =IF($A4="","",IF(AND($F4="",$G4="",$H4=""),設定!$B$2,MAX(IF($F4="",0,IFERROR(WORKDAY(INDEX($L$3:$L$3,MATCH($F4,$A$3:$A$3,0)),1),0)),IF($G4="",0,IFERROR(WORKDAY(INDEX($L$3:$L$3,MATCH($G4,$A$3:$A$3,0)),1),0)),IF($H4="",0,IFERROR(WORKDAY(INDEX($L$3:$L$3,MATCH($H4,$A$3:$A$3,0)),1),0))))) -> 46240 | L4: =IF($A4="","",WORKDAY($K4,$I4-1)) -> 46245 | M4: =IF($A4="","",WORKDAY($N4,-($I4-1))) -> 46240 | N4: =IF($A4="","",IF(COUNTIF($F$5:$F$102,$A4)+COUNTIF($G$5:$G$102,$A4)+COUNTIF($H$5:$H$102,$A4)=0,設定!$B$3,MIN(IF(COUNTIF($F$5:$F$102,$A4)=0,999999,IFERROR(WORKDAY(_xlfn.MINIFS($M$5:$M$102,$F$5:$F$102,$A4),-1),999999)),IF(COUNTIF($G$5:$G$102,$A4)=0,999999,IFERROR(WORKDAY(_xlfn.MINIFS($M$5:$M$102,$G$5:$G$102,$A4),-1),999999)),IF(COUNTIF($H$5:$H$102,$A4)=0,999999,IFERROR(WORKDAY(_xlfn.MINIFS($M$5:$M$102,$H$5:$H$102,$A4),-1),999999))))) -> 46245 | O4: =IF($A4="","",NETWORKDAYS($K4,$M4)-1) -> 0 | P4: =IF($A4="","",IF($O4<=0,"クリティカル","")) -> クリティカル | Q4: =IF($A4="","",IF(AND($J4<>"完了",TODAY()>$L4),"遅延","")) | R4: =IF($A4="","",_xlfn.TEXTJOIN(", ",TRUE(),IF($F4="","",IF(IFERROR(INDEX($J$3:$J$102,MATCH($F4,$A$3:$A$102,0)),"")<>"完了",IFERROR(INDEX($C$3:$C$102,MATCH($F4,$A$3:$A$102,0)),""),"")),IF($G4="","",IF(IFERROR(INDEX($J$3:$J$102,MATCH($G4,$A$3:$A$102,0)),"")<>"完了",IFERROR(INDEX($C$3:$C$102,MATCH($G4,$A$3:$A$102,0)),""),"")),IF($H4="","",IF(IFERROR(INDEX($J$3:$J$102,MATCH($H4,$A$3:$A$102,0)),"")<>"完了",IFERROR(INDEX($C$3:$C$102,MATCH($H4,$A$3:$A$102,0)),""),"")))) | S4: =IF($A4="","",IF($J4<>"完了",1,0)) -> 0
A5: 3 | C5: 要件レビュー | D5: 要件定義完了 | E5: 担当者B(例) | F5: 2 | I5: 2 | J5: 進行中 | K5: =IF($A5="","",IF(AND($F5="",$G5="",$H5=""),設定!$B$2,MAX(IF($F5="",0,IFERROR(WORKDAY(INDEX($L$3:$L$4,MATCH($F5,$A$3:$A$4,0)),1),0)),IF($G5="",0,IFERROR(WORKDAY(INDEX($L$3:$L$4,MATCH($G5,$A$3:$A$4,0)),1),0)),IF($H5="",0,IFERROR(WORKDAY(INDEX($L$3:$L$4,MATCH($H5,$A$3:$A$4,0)),1),0))))) -> 46246 | L5: =IF($A5="","",WORKDAY($K5,$I5-1)) -> 46247 | M5: =IF($A5="","",WORKDAY($N5,-($I5-1))) -> 46246 | N5: =IF($A5="","",IF(COUNTIF($F$6:$F$102,$A5)+COUNTIF($G$6:$G$102,$A5)+COUNTIF($H$6:$H$102,$A5)=0,設定!$B$3,MIN(IF(COUNTIF($F$6:$F$102,$A5)=0,999999,IFERROR(WORKDAY(_xlfn.MINIFS($M$6:$M$102,$F$6:$F$102,$A5),-1),999999)),IF(COUNTIF($G$6:$G$102,$A5)=0,999999,IFERROR(WORKDAY(_xlfn.MINIFS($M$6:$M$102,$G$6:$G$102,$A5),-1),999999)),IF(COUNTIF($H$6:$H$102,$A5)=0,999999,IFERROR(WORKDAY(_xlfn.MINIFS($M$6:$M$102,$H$6:$H$102,$A5),-1),999999))))) -> 46247 | O5: =IF($A5="","",NETWORKDAYS($K5,$M5)-1) -> 0 | P5: =IF($A5="","",IF($O5<=0,"クリティカル","")) -> クリティカル | Q5: =IF($A5="","",IF(AND($J5<>"完了",TODAY()>$L5),"遅延","")) | R5: =IF($A5="","",_xlfn.TEXTJOIN(", ",TRUE(),IF($F5="","",IF(IFERROR(INDEX($J$3:$J$102,MATCH($F5,$A$3:$A$102,0)),"")<>"完了",IFERROR(INDEX($C$3:$C$102,MATCH($F5,$A$3:$A$102,0)),""),"")),IF($G5="","",IF(IFERROR(INDEX($J$3:$J$102,MATCH($G5,$A$3:$A$102,0)),"")<>"完了",IFERROR(INDEX($C$3:$C$102,MATCH($G5,$A$3:$A$102,0)),""),"")),IF($H5="","",IF(IFERROR(INDEX($J$3:$J$102,MATCH($H5,$A$3:$A$102,0)),"")<>"完了",IFERROR(INDEX($C$3:$C$102,MATCH($H5,$A$3:$A$102,0)),""),"")))) | S5: =IF($A5="","",IF($J5<>"完了",1,0)) -> 1
A6: 4 | C6: 画面設計 | D6: 設計完了 | E6: 担当者B(例) | F6: 3 | I6: 5 | J6: 未着手 | K6: =IF($A6="","",IF(AND($F6="",$G6="",$H6=""),設定!$B$2,MAX(IF($F6="",0,IFERROR(WORKDAY(INDEX($L$3:$L$5,MATCH($F6,$A$3:$A$5,0)),1),0)),IF($G6="",0,IFERROR(WORKDAY(INDEX($L$3:$L$5,MATCH($G6,$A$3:$A$5,0)),1),0)),IF($H6="",0,IFERROR(WORKDAY(INDEX($L$3:$L$5,MATCH($H6,$A$3:$A$5,0)),1),0))))) -> 46248 | L6: =IF($A6="","",WORKDAY($K6,$I6-1)) -> 46254 | M6: =IF($A6="","",WORKDAY($N6,-($I6-1))) -> 46253 | N6: =IF($A6="","",IF(COUNTIF($F$7:$F$102,$A6)+COUNTIF($G$7:$G$102,$A6)+COUNTIF($H$7:$H$102,$A6)=0,設定!$B$3,MIN(IF(COUNTIF($F$7:$F$102,$A6)=0,999999,IFERROR(WORKDAY(_xlfn.MINIFS($M$7:$M$102,$F$7:$F$102,$A6),-1),999999)),IF(COUNTIF($G$7:$G$102,$A6)=0,999999,IFERROR(WORKDAY(_xlfn.MINIFS($M$7:$M$102,$G$7:$G$102,$A6),-1),999999)),IF(COUNTIF($H$7:$H$102,$A6)=0,999999,IFERROR(WORKDAY(_xlfn.MINIFS($M$7:$M$102,$H$7:$H$102,$A6),-1),999999))))) -> 46259 | O6: =IF($A6="","",NETWORKDAYS($K6,$M6)-1) -> 3 | P6: =IF($A6="","",IF($O6<=0,"クリティカル","")) | Q6: =IF($A6="","",IF(AND($J6<>"完了",TODAY()>$L6),"遅延","")) | R6: =IF($A6="","",_xlfn.TEXTJOIN(", ",TRUE(),IF($F6="","",IF(IFERROR(INDEX($J$3:$J$102,MATCH($F6,$A$3:$A$102,0)),"")<>"完了",IFERROR(INDEX($C$3:$C$102,MATCH($F6,$A$3:$A$102,0)),""),"")),IF($G6="","",IF(IFERROR(INDEX($J$3:$J$102,MATCH($G6,$A$3:$A$102,0)),"")<>"完了",IFERROR(INDEX($C$3:$C$102,MATCH($G6,$A$3:$A$102,0)),""),"")),IF($H6="","",IF(IFERROR(INDEX($J$3:$J$102,MATCH($H6,$A$3:$A$102,0)),"")<>"完了",IFERROR(INDEX($C$3:$C$102,MATCH($H6,$A$3:$A$102,0)),""),"")))) -> 要件レビュー | S6: =IF($A6="","",IF($J6<>"完了",1,0)) -> 1
A7: 5 | C7: DB設計 | D7: 設計完了 | E7: 担当者C(例) | F7: 3 | I7: 5 | J7: 未着手 | K7: =IF($A7="","",IF(AND($F7="",$G7="",$H7=""),設定!$B$2,MAX(IF($F7="",0,IFERROR(WORKDAY(INDEX($L$3:$L$6,MATCH($F7,$A$3:$A$6,0)),1),0)),IF($G7="",0,IFERROR(WORKDAY(INDEX($L$3:$L$6,MATCH($G7,$A$3:$A$6,0)),1),0)),IF($H7="",0,IFERROR(WORKDAY(INDEX($L$3:$L$6,MATCH($H7,$A$3:$A$6,0)),1),0))))) -> 46248 | L7: =IF($A7="","",WORKDAY($K7,$I7-1)) -> 46254 | M7: =IF($A7="","",WORKDAY($N7,-($I7-1))) -> 46248 | N7: =IF($A7="","",IF(COUNTIF($F$8:$F$102,$A7)+COUNTIF($G$8:$G$102,$A7)+COUNTIF($H$8:$H$102,$A7)=0,設定!$B$3,MIN(IF(COUNTIF($F$8:$F$102,$A7)=0,999999,IFERROR(WORKDAY(_xlfn.MINIFS($M$8:$M$102,$F$8:$F$102,$A7),-1),999999)),IF(COUNTIF($G$8:$G$102,$A7)=0,999999,IFERROR(WORKDAY(_xlfn.MINIFS($M$8:$M$102,$G$8:$G$102,$A7),-1),999999)),IF(COUNTIF($H$8:$H$102,$A7)=0,999999,IFERROR(WORKDAY(_xlfn.MINIFS($M$8:$M$102,$H$8:$H$102,$A7),-1),999999))))) -> 46254 | O7: =IF($A7="","",NETWORKDAYS($K7,$M7)-1) -> 0 | P7: =IF($A7="","",IF($O7<=0,"クリティカル","")) -> クリティカル | Q7: =IF($A7="","",IF(AND($J7<>"完了",TODAY()>$L7),"遅延","")) | R7: =IF($A7="","",_xlfn.TEXTJOIN(", ",TRUE(),IF($F7="","",IF(IFERROR(INDEX($J$3:$J$102,MATCH($F7,$A$3:$A$102,0)),"")<>"完了",IFERROR(INDEX($C$3:$C$102,MATCH($F7,$A$3:$A$102,0)),""),"")),IF($G7="","",IF(IFERROR(INDEX($J$3:$J$102,MATCH($G7,$A$3:$A$102,0)),"")<>"完了",IFERROR(INDEX($C$3:$C$102,MATCH($G7,$A$3:$A$102,0)),""),"")),IF($H7="","",IF(IFERROR(INDEX($J$3:$J$102,MATCH($H7,$A$3:$A$102,0)),"")<>"完了",IFERROR(INDEX($C$3:$C$102,MATCH($H7,$A$3:$A$102,0)),""),"")))) -> 要件レビュー | S7: =IF($A7="","",IF($J7<>"完了",1,0)) -> 1
A8: 6 | C8: API設計 | D8: 設計完了 | E8: 担当者C(例) | F8: 5 | I8: 3 | J8: 未着手 | K8: =IF($A8="","",IF(AND($F8="",$G8="",$H8=""),設定!$B$2,MAX(IF($F8="",0,IFERROR(WORKDAY(INDEX($L$3:$L$7,MATCH($F8,$A$3:$A$7,0)),1),0)),IF($G8="",0,IFERROR(WORKDAY(INDEX($L$3:$L$7,MATCH($G8,$A$3:$A$7,0)),1),0)),IF($H8="",0,IFERROR(WORKDAY(INDEX($L$3:$L$7,MATCH($H8,$A$3:$A$7,0)),1),0))))) -> 46255 | L8: =IF($A8="","",WORKDAY($K8,$I8-1)) -> 46259 | M8: =IF($A8="","",WORKDAY($N8,-($I8-1))) -> 46255 | N8: =IF($A8="","",IF(COUNTIF($F$9:$F$102,$A8)+COUNTIF($G$9:$G$102,$A8)+COUNTIF($H$9:$H$102,$A8)=0,設定!$B$3,MIN(IF(COUNTIF($F$9:$F$102,$A8)=0,999999,IFERROR(WORKDAY(_xlfn.MINIFS($M$9:$M$102,$F$9:$F$102,$A8),-1),999999)),IF(COUNTIF($G$9:$G$102,$A8)=0,999999,IFERROR(WORKDAY(_xlfn.MINIFS($M$9:$M$102,$G$9:$G$102,$A8),-1),999999)),IF(COUNTIF($H$9:$H$102,$A8)=0,999999,IFERROR(WORKDAY(_xlfn.MINIFS($M$9:$M$102,$H$9:$H$102,$A8),-1),999999))))) -> 46259 | O8: =IF($A8="","",NETWORKDAYS($K8,$M8)-1) -> 0 | P8: =IF($A8="","",IF($O8<=0,"クリティカル","")) -> クリティカル | Q8: =IF($A8="","",IF(AND($J8<>"完了",TODAY()>$L8),"遅延","")) | R8: =IF($A8="","",_xlfn.TEXTJOIN(", ",TRUE(),IF($F8="","",IF(IFERROR(INDEX($J$3:$J$102,MATCH($F8,$A$3:$A$102,0)),"")<>"完了",IFERROR(INDEX($C$3:$C$102,MATCH($F8,$A$3:$A$102,0)),""),"")),IF($G8="","",IF(IFERROR(INDEX($J$3:$J$102,MATCH($G8,$A$3:$A$102,0)),"")<>"完了",IFERROR(INDEX($C$3:$C$102,MATCH($G8,$A$3:$A$102,0)),""),"")),IF($H8="","",IF(IFERROR(INDEX($J$3:$J$102,MATCH($H8,$A$3:$A$102,0)),"")<>"完了",IFERROR(INDEX($C$3:$C$102,MATCH($H8,$A$3:$A$102,0)),""),"")))) -> DB設計 | S8: =IF($A8="","",IF($J8<>"完了",1,0)) -> 1
A9: 7 | C9: 設計レビュー | D9: 設計完了 | E9: 担当者B(例) | F9: 4 | G9: 6 | I9: 2 | J9: 未着手 | K9: =IF($A9="","",IF(AND($F9="",$G9="",$H9=""),設定!$B$2,MAX(IF($F9="",0,IFERROR(WORKDAY(INDEX($L$3:$L$8,MATCH($F9,$A$3:$A$8,0)),1),0)),IF($G9="",0,IFERROR(WORKDAY(INDEX($L$3:$L$8,MATCH($G9,$A$3:$A$8,0)),1),0)),IF($H9="",0,IFERROR(WORKDAY(INDEX($L$3:$L$8,MATCH($H9,$A$3:$A$8,0)),1),0))))) -> 46260 | L9: =IF($A9="","",WORKDAY($K9,$I9-1)) -> 46261 | M9: =IF($A9="","",WORKDAY($N9,-($I9-1))) -> 46260 | N9: =IF($A9="","",IF(COUNTIF($F$10:$F$102,$A9)+COUNTIF($G$10:$G$102,$A9)+COUNTIF($H$10:$H$102,$A9)=0,設定!$B$3,MIN(IF(COUNTIF($F$10:$F$102,$A9)=0,999999,IFERROR(WORKDAY(_xlfn.MINIFS($M$10:$M$102,$F$10:$F$102,$A9),-1),999999)),IF(COUNTIF($G$10:$G$102,$A9)=0,999999,IFERROR(WORKDAY(_xlfn.MINIFS($M$10:$M$102,$G$10:$G$102,$A9),-1),999999)),IF(COUNTIF($H$10:$H$102,$A9)=0,999999,IFERROR(WORKDAY(_xlfn.MINIFS($M$10:$M$102,$H$10:$H$102,$A9),-1),999999))))) -> 46261 | O9: =IF($A9="","",NETWORKDAYS($K9,$M9)-1) -> 0 | P9: =IF($A9="","",IF($O9<=0,"クリティカル","")) -> クリティカル | Q9: =IF($A9="","",IF(AND($J9<>"完了",TODAY()>$L9),"遅延","")) | R9: =IF($A9="","",_xlfn.TEXTJOIN(", ",TRUE(),IF($F9="","",IF(IFERROR(INDEX($J$3:$J$102,MATCH($F9,$A$3:$A$102,0)),"")<>"完了",IFERROR(INDEX($C$3:$C$102,MATCH($F9,$A$3:$A$102,0)),""),"")),IF($G9="","",IF(IFERROR(INDEX($J$3:$J$102,MATCH($G9,$A$3:$A$102,0)),"")<>"完了",IFERROR(INDEX($C$3:$C$102,MATCH($G9,$A$3:$A$102,0)),""),"")),IF($H9="","",IF(IFERROR(INDEX($J$3:$J$102,MATCH($H9,$A$3:$A$102,0)),"")<>"完了",IFERROR(INDEX($C$3:$C$102,MATCH($H9,$A$3:$A$102,0)),""),"")))) -> 画面設計, API設計 | S9: =IF($A9="","",IF($J9<>"完了",1,0)) -> 1
A10: 8 | C10: 実装 | D10: リリース | E10: 担当者A(例) | F10: 7 | I10: 8 | J10: 未着手 | K10: =IF($A10="","",IF(AND($F10="",$G10="",$H10=""),設定!$B$2,MAX(IF($F10="",0,IFERROR(WORKDAY(INDEX($L$3:$L$9,MATCH($F10,$A$3:$A$9,0)),1),0)),IF($G10="",0,IFERROR(WORKDAY(INDEX($L$3:$L$9,MATCH($G10,$A$3:$A$9,0)),1),0)),IF($H10="",0,IFERROR(WORKDAY(INDEX($L$3:$L$9,MATCH($H10,$A$3:$A$9,0)),1),0))))) -> 46262 | L10: =IF($A10="","",WORKDAY($K10,$I10-1)) -> 46273 | M10: =IF($A10="","",WORKDAY($N10,-($I10-1))) -> 46262 | N10: =IF($A10="","",IF(COUNTIF($F$11:$F$102,$A10)+COUNTIF($G$11:$G$102,$A10)+COUNTIF($H$11:$H$102,$A10)=0,設定!$B$3,MIN(IF(COUNTIF($F$11:$F$102,$A10)=0,999999,IFERROR(WORKDAY(_xlfn.MINIFS($M$11:$M$102,$F$11:$F$102,$A10),-1),999999)),IF(COUNTIF($G$11:$G$102,$A10)=0,999999,IFERROR(WORKDAY(_xlfn.MINIFS($M$11:$M$102,$G$11:$G$102,$A10),-1),999999)),IF(COUNTIF($H$11:$H$102,$A10)=0,999999,IFERROR(WORKDAY(_xlfn.MINIFS($M$11:$M$102,$H$11:$H$102,$A10),-1),999999))))) -> 46273 | O10: =IF($A10="","",NETWORKDAYS($K10,$M10)-1) -> 0 | P10: =IF($A10="","",IF($O10<=0,"クリティカル","")) -> クリティカル | Q10: =IF($A10="","",IF(AND($J10<>"完了",TODAY()>$L10),"遅延","")) | R10: =IF($A10="","",_xlfn.TEXTJOIN(", ",TRUE(),IF($F10="","",IF(IFERROR(INDEX($J$3:$J$102,MATCH($F10,$A$3:$A$102,0)),"")<>"完了",IFERROR(INDEX($C$3:$C$102,MATCH($F10,$A$3:$A$102,0)),""),"")),IF($G10="","",IF(IFERROR(INDEX($J$3:$J$102,MATCH($G10,$A$3:$A$102,0)),"")<>"完了",IFERROR(INDEX($C$3:$C$102,MATCH($G10,$A$3:$A$102,0)),""),"")),IF($H10="","",IF(IFERROR(INDEX($J$3:$J$102,MATCH($H10,$A$3:$A$102,0)),"")<>"完了",IFERROR(INDEX($C$3:$C$102,MATCH($H10,$A$3:$A$102,0)),""),"")))) -> 設計レビュー | S10: =IF($A10="","",IF($J10<>"完了",1,0)) -> 1
A11: 8.1 | B11: 8 | C11: 実装(画面) | D11: リリース | E11: 担当者A(例) | I11: 4 | J11: 未着手 | K11: =IF($A11="","",IF(AND($F11="",$G11="",$H11=""),設定!$B$2,MAX(IF($F11="",0,IFERROR(WORKDAY(INDEX($L$3:$L$10,MATCH($F11,$A$3:$A$10,0)),1),0)),IF($G11="",0,IFERROR(WORKDAY(INDEX($L$3:$L$10,MATCH($G11,$A$3:$A$10,0)),1),0)),IF($H11="",0,IFERROR(WORKDAY(INDEX($L$3:$L$10,MATCH($H11,$A$3:$A$10,0)),1),0))))) -> 46237 | L11: =IF($A11="","",WORKDAY($K11,$I11-1)) -> 46240 | M11: =IF($A11="","",WORKDAY($N11,-($I11-1))) -> 46275 | N11: =IF($A11="","",IF(COUNTIF($F$12:$F$102,$A11)+COUNTIF($G$12:$G$102,$A11)+COUNTIF($H$12:$H$102,$A11)=0,設定!$B$3,MIN(IF(COUNTIF($F$12:$F$102,$A11)=0,999999,IFERROR(WORKDAY(_xlfn.MINIFS($M$12:$M$102,$F$12:$F$102,$A11),-1),999999)),IF(COUNTIF($G$12:$G$102,$A11)=0,999999,IFERROR(WORKDAY(_xlfn.MINIFS($M$12:$M$102,$G$12:$G$102,$A11),-1),999999)),IF(COUNTIF($H$12:$H$102,$A11)=0,999999,IFERROR(WORKDAY(_xlfn.MINIFS($M$12:$M$102,$H$12:$H$102,$A11),-1),999999))))) -> 46280 | O11: =IF($A11="","",NETWORKDAYS($K11,$M11)-1) -> 28 | P11: =IF($A11="","",IF($O11<=0,"クリティカル","")) | Q11: =IF($A11="","",IF(AND($J11<>"完了",TODAY()>$L11),"遅延","")) | R11: =IF($A11="","",_xlfn.TEXTJOIN(", ",TRUE(),IF($F11="","",IF(IFERROR(INDEX($J$3:$J$102,MATCH($F11,$A$3:$A$102,0)),"")<>"完了",IFERROR(INDEX($C$3:$C$102,MATCH($F11,$A$3:$A$102,0)),""),"")),IF($G11="","",IF(IFERROR(INDEX($J$3:$J$102,MATCH($G11,$A$3:$A$102,0)),"")<>"完了",IFERROR(INDEX($C$3:$C$102,MATCH($G11,$A$3:$A$102,0)),""),"")),IF($H11="","",IF(IFERROR(INDEX($J$3:$J$102,MATCH($H11,$A$3:$A$102,0)),"")<>"完了",IFERROR(INDEX($C$3:$C$102,MATCH($H11,$A$3:$A$102,0)),""),"")))) | S11: =IF($A11="","",IF($J11<>"完了",1,0)) -> 1
A12: 9 | C12: テスト | D12: リリース | E12: 担当者B(例) | F12: 8 | I12: 4 | J12: 未着手 | K12: =IF($A12="","",IF(AND($F12="",$G12="",$H12=""),設定!$B$2,MAX(IF($F12="",0,IFERROR(WORKDAY(INDEX($L$3:$L$11,MATCH($F12,$A$3:$A$11,0)),1),0)),IF($G12="",0,IFERROR(WORKDAY(INDEX($L$3:$L$11,MATCH($G12,$A$3:$A$11,0)),1),0)),IF($H12="",0,IFERROR(WORKDAY(INDEX($L$3:$L$11,MATCH($H12,$A$3:$A$11,0)),1),0))))) -> 46274 | L12: =IF($A12="","",WORKDAY($K12,$I12-1)) -> 46279 | M12: =IF($A12="","",WORKDAY($N12,-($I12-1))) -> 46274 | N12: =IF($A12="","",IF(COUNTIF($F$13:$F$102,$A12)+COUNTIF($G$13:$G$102,$A12)+COUNTIF($H$13:$H$102,$A12)=0,設定!$B$3,MIN(IF(COUNTIF($F$13:$F$102,$A12)=0,999999,IFERROR(WORKDAY(_xlfn.MINIFS($M$13:$M$102,$F$13:$F$102,$A12),-1),999999)),IF(COUNTIF($G$13:$G$102,$A12)=0,999999,IFERROR(WORKDAY(_xlfn.MINIFS($M$13:$M$102,$G$13:$G$102,$A12),-1),999999)),IF(COUNTIF($H$13:$H$102,$A12)=0,999999,IFERROR(WORKDAY(_xlfn.MINIFS($M$13:$M$102,$H$13:$H$102,$A12),-1),999999))))) -> 46279 | O12: =IF($A12="","",NETWORKDAYS($K12,$M12)-1) -> 0 | P12: =IF($A12="","",IF($O12<=0,"クリティカル","")) -> クリティカル | Q12: =IF($A12="","",IF(AND($J12<>"完了",TODAY()>$L12),"遅延","")) | R12: =IF($A12="","",_xlfn.TEXTJOIN(", ",TRUE(),IF($F12="","",IF(IFERROR(INDEX($J$3:$J$102,MATCH($F12,$A$3:$A$102,0)),"")<>"完了",IFERROR(INDEX($C$3:$C$102,MATCH($F12,$A$3:$A$102,0)),""),"")),IF($G12="","",IF(IFERROR(INDEX($J$3:$J$102,MATCH($G12,$A$3:$A$102,0)),"")<>"完了",IFERROR(INDEX($C$3:$C$102,MATCH($G12,$A$3:$A$102,0)),""),"")),IF($H12="","",IF(IFERROR(INDEX($J$3:$J$102,MATCH($H12,$A$3:$A$102,0)),"")<>"完了",IFERROR(INDEX($C$3:$C$102,MATCH($H12,$A$3:$A$102,0)),""),"")))) -> 実装 | S12: =IF($A12="","",IF($J12<>"完了",1,0)) -> 1
A13: 10 | C13: リリース判定 | D13: リリース | E13: 担当者C(例) | F13: 9 | I13: 1 | J13: 未着手 | K13: =IF($A13="","",IF(AND($F13="",$G13="",$H13=""),設定!$B$2,MAX(IF($F13="",0,IFERROR(WORKDAY(INDEX($L$3:$L$12,MATCH($F13,$A$3:$A$12,0)),1),0)),IF($G13="",0,IFERROR(WORKDAY(INDEX($L$3:$L$12,MATCH($G13,$A$3:$A$12,0)),1),0)),IF($H13="",0,IFERROR(WORKDAY(INDEX($L$3:$L$12,MATCH($H13,$A$3:$A$12,0)),1),0))))) -> 46280 | L13: =IF($A13="","",WORKDAY($K13,$I13-1)) -> 46280 | M13: =IF($A13="","",WORKDAY($N13,-($I13-1))) -> 46280 | N13: =IF($A13="","",IF(COUNTIF($F$14:$F$102,$A13)+COUNTIF($G$14:$G$102,$A13)+COUNTIF($H$14:$H$102,$A13)=0,設定!$B$3,MIN(IF(COUNTIF($F$14:$F$102,$A13)=0,999999,IFERROR(WORKDAY(_xlfn.MINIFS($M$14:$M$102,$F$14:$F$102,$A13),-1),999999)),IF(COUNTIF($G$14:$G$102,$A13)=0,999999,IFERROR(WORKDAY(_xlfn.MINIFS($M$14:$M$102,$G$14:$G$102,$A13),-1),999999)),IF(COUNTIF($H$14:$H$102,$A13)=0,999999,IFERROR(WORKDAY(_xlfn.MINIFS($M$14:$M$102,$H$14:$H$102,$A13),-1),999999))))) -> 46280 | O13: =IF($A13="","",NETWORKDAYS($K13,$M13)-1) -> 0 | P13: =IF($A13="","",IF($O13<=0,"クリティカル","")) -> クリティカル | Q13: =IF($A13="","",IF(AND($J13<>"完了",TODAY()>$L13),"遅延","")) | R13: =IF($A13="","",_xlfn.TEXTJOIN(", ",TRUE(),IF($F13="","",IF(IFERROR(INDEX($J$3:$J$102,MATCH($F13,$A$3:$A$102,0)),"")<>"完了",IFERROR(INDEX($C$3:$C$102,MATCH($F13,$A$3:$A$102,0)),""),"")),IF($G13="","",IF(IFERROR(INDEX($J$3:$J$102,MATCH($G13,$A$3:$A$102,0)),"")<>"完了",IFERROR(INDEX($C$3:$C$102,MATCH($G13,$A$3:$A$102,0)),""),"")),IF($H13="","",IF(IFERROR(INDEX($J$3:$J$102,MATCH($H13,$A$3:$A$102,0)),"")<>"完了",IFERROR(INDEX($C$3:$C$102,MATCH($H13,$A$3:$A$102,0)),""),"")))) -> テスト | S13: =IF($A13="","",IF($J13<>"完了",1,0)) -> 1
K14: =IF($A14="","",IF(AND($F14="",$G14="",$H14=""),設定!$B$2,MAX(IF($F14="",0,IFERROR(WORKDAY(INDEX($L$3:$L$13,MATCH($F14,$A$3:$A$13,0)),1),0)),IF($G14="",0,IFERROR(WORKDAY(INDEX($L$3:$L$13,MATCH($G14,$A$3:$A$13,0)),1),0)),IF($H14="",0,IFERROR(WORKDAY(INDEX($L$3:$L$13,MATCH($H14,$A$3:$A$13,0)),1),0))))) | L14: =IF($A14="","",WORKDAY($K14,$I14-1)) | M14: =IF($A14="","",WORKDAY($N14,-($I14-1))) | N14: =IF($A14="","",IF(COUNTIF($F$15:$F$102,$A14)+COUNTIF($G$15:$G$102,$A14)+COUNTIF($H$15:$H$102,$A14)=0,設定!$B$3,MIN(IF(COUNTIF($F$15:$F$102,$A14)=0,999999,IFERROR(WORKDAY(_xlfn.MINIFS($M$15:$M$102,$F$15:$F$102,$A14),-1),999999)),IF(COUNTIF($G$15:$G$102,$A14)=0,999999,IFERROR(WORKDAY(_xlfn.MINIFS($M$15:$M$102,$G$15:$G$102,$A14),-1),999999)),IF(COUNTIF($H$15:$H$102,$A14)=0,999999,IFERROR(WORKDAY(_xlfn.MINIFS($M$15:$M$102,$H$15:$H$102,$A14),-1),999999))))) | O14: =IF($A14="","",NETWORKDAYS($K14,$M14)-1) | P14: =IF($A14="","",IF($O14<=0,"クリティカル","")) | Q14: =IF($A14="","",IF(AND($J14<>"完了",TODAY()>$L14),"遅延","")) | R14: =IF($A14="","",_xlfn.TEXTJOIN(", ",TRUE(),IF($F14="","",IF(IFERROR(INDEX($J$3:$J$102,MATCH($F14,$A$3:$A$102,0)),"")<>"完了",IFERROR(INDEX($C$3:$C$102,MATCH($F14,$A$3:$A$102,0)),""),"")),IF($G14="","",IF(IFERROR(INDEX($J$3:$J$102,MATCH($G14,$A$3:$A$102,0)),"")<>"完了",IFERROR(INDEX($C$3:$C$102,MATCH($G14,$A$3:$A$102,0)),""),"")),IF($H14="","",IF(IFERROR(INDEX($J$3:$J$102,MATCH($H14,$A$3:$A$102,0)),"")<>"完了",IFERROR(INDEX($C$3:$C$102,MATCH($H14,$A$3:$A$102,0)),""),"")))) | S14: =IF($A14="","",IF($J14<>"完了",1,0))
K15: =IF($A15="","",IF(AND($F15="",$G15="",$H15=""),設定!$B$2,MAX(IF($F15="",0,IFERROR(WORKDAY(INDEX($L$3:$L$14,MATCH($F15,$A$3:$A$14,0)),1),0)),IF($G15="",0,IFERROR(WORKDAY(INDEX($L$3:$L$14,MATCH($G15,$A$3:$A$14,0)),1),0)),IF($H15="",0,IFERROR(WORKDAY(INDEX($L$3:$L$14,MATCH($H15,$A$3:$A$14,0)),1),0))))) | L15: =IF($A15="","",WORKDAY($K15,$I15-1)) | M15: =IF($A15="","",WORKDAY($N15,-($I15-1))) | N15: =IF($A15="","",IF(COUNTIF($F$16:$F$102,$A15)+COUNTIF($G$16:$G$102,$A15)+COUNTIF($H$16:$H$102,$A15)=0,設定!$B$3,MIN(IF(COUNTIF($F$16:$F$102,$A15)=0,999999,IFERROR(WORKDAY(_xlfn.MINIFS($M$16:$M$102,$F$16:$F$102,$A15),-1),999999)),IF(COUNTIF($G$16:$G$102,$A15)=0,999999,IFERROR(WORKDAY(_xlfn.MINIFS($M$16:$M$102,$G$16:$G$102,$A15),-1),999999)),IF(COUNTIF($H$16:$H$102,$A15)=0,999999,IFERROR(WORKDAY(_xlfn.MINIFS($M$16:$M$102,$H$16:$H$102,$A15),-1),999999))))) | O15: =IF($A15="","",NETWORKDAYS($K15,$M15)-1) | P15: =IF($A15="","",IF($O15<=0,"クリティカル","")) | Q15: =IF($A15="","",IF(AND($J15<>"完了",TODAY()>$L15),"遅延","")) | R15: =IF($A15="","",_xlfn.TEXTJOIN(", ",TRUE(),IF($F15="","",IF(IFERROR(INDEX($J$3:$J$102,MATCH($F15,$A$3:$A$102,0)),"")<>"完了",IFERROR(INDEX($C$3:$C$102,MATCH($F15,$A$3:$A$102,0)),""),"")),IF($G15="","",IF(IFERROR(INDEX($J$3:$J$102,MATCH($G15,$A$3:$A$102,0)),"")<>"完了",IFERROR(INDEX($C$3:$C$102,MATCH($G15,$A$3:$A$102,0)),""),"")),IF($H15="","",IF(IFERROR(INDEX($J$3:$J$102,MATCH($H15,$A$3:$A$102,0)),"")<>"完了",IFERROR(INDEX($C$3:$C$102,MATCH($H15,$A$3:$A$102,0)),""),"")))) | S15: =IF($A15="","",IF($J15<>"完了",1,0))
K16: =IF($A16="","",IF(AND($F16="",$G16="",$H16=""),設定!$B$2,MAX(IF($F16="",0,IFERROR(WORKDAY(INDEX($L$3:$L$15,MATCH($F16,$A$3:$A$15,0)),1),0)),IF($G16="",0,IFERROR(WORKDAY(INDEX($L$3:$L$15,MATCH($G16,$A$3:$A$15,0)),1),0)),IF($H16="",0,IFERROR(WORKDAY(INDEX($L$3:$L$15,MATCH($H16,$A$3:$A$15,0)),1),0))))) | L16: =IF($A16="","",WORKDAY($K16,$I16-1)) | M16: =IF($A16="","",WORKDAY($N16,-($I16-1))) | N16: =IF($A16="","",IF(COUNTIF($F$17:$F$102,$A16)+COUNTIF($G$17:$G$102,$A16)+COUNTIF($H$17:$H$102,$A16)=0,設定!$B$3,MIN(IF(COUNTIF($F$17:$F$102,$A16)=0,999999,IFERROR(WORKDAY(_xlfn.MINIFS($M$17:$M$102,$F$17:$F$102,$A16),-1),999999)),IF(COUNTIF($G$17:$G$102,$A16)=0,999999,IFERROR(WORKDAY(_xlfn.MINIFS($M$17:$M$102,$G$17:$G$102,$A16),-1),999999)),IF(COUNTIF($H$17:$H$102,$A16)=0,999999,IFERROR(WORKDAY(_xlfn.MINIFS($M$17:$M$102,$H$17:$H$102,$A16),-1),999999))))) | O16: =IF($A16="","",NETWORKDAYS($K16,$M16)-1) | P16: =IF($A16="","",IF($O16<=0,"クリティカル","")) | Q16: =IF($A16="","",IF(AND($J16<>"完了",TODAY()>$L16),"遅延","")) | R16: =IF($A16="","",_xlfn.TEXTJOIN(", ",TRUE(),IF($F16="","",IF(IFERROR(INDEX($J$3:$J$102,MATCH($F16,$A$3:$A$102,0)),"")<>"完了",IFERROR(INDEX($C$3:$C$102,MATCH($F16,$A$3:$A$102,0)),""),"")),IF($G16="","",IF(IFERROR(INDEX($J$3:$J$102,MATCH($G16,$A$3:$A$102,0)),"")<>"完了",IFERROR(INDEX($C$3:$C$102,MATCH($G16,$A$3:$A$102,0)),""),"")),IF($H16="","",IF(IFERROR(INDEX($J$3:$J$102,MATCH($H16,$A$3:$A$102,0)),"")<>"完了",IFERROR(INDEX($C$3:$C$102,MATCH($H16,$A$3:$A$102,0)),""),"")))) | S16: =IF($A16="","",IF($J16<>"完了",1,0))
K17: =IF($A17="","",IF(AND($F17="",$G17="",$H17=""),設定!$B$2,MAX(IF($F17="",0,IFERROR(WORKDAY(INDEX($L$3:$L$16,MATCH($F17,$A$3:$A$16,0)),1),0)),IF($G17="",0,IFERROR(WORKDAY(INDEX($L$3:$L$16,MATCH($G17,$A$3:$A$16,0)),1),0)),IF($H17="",0,IFERROR(WORKDAY(INDEX($L$3:$L$16,MATCH($H17,$A$3:$A$16,0)),1),0))))) | L17: =IF($A17="","",WORKDAY($K17,$I17-1)) | M17: =IF($A17="","",WORKDAY($N17,-($I17-1))) | N17: =IF($A17="","",IF(COUNTIF($F$18:$F$102,$A17)+COUNTIF($G$18:$G$102,$A17)+COUNTIF($H$18:$H$102,$A17)=0,設定!$B$3,MIN(IF(COUNTIF($F$18:$F$102,$A17)=0,999999,IFERROR(WORKDAY(_xlfn.MINIFS($M$18:$M$102,$F$18:$F$102,$A17),-1),999999)),IF(COUNTIF($G$18:$G$102,$A17)=0,999999,IFERROR(WORKDAY(_xlfn.MINIFS($M$18:$M$102,$G$18:$G$102,$A17),-1),999999)),IF(COUNTIF($H$18:$H$102,$A17)=0,999999,IFERROR(WORKDAY(_xlfn.MINIFS($M$18:$M$102,$H$18:$H$102,$A17),-1),999999))))) | O17: =IF($A17="","",NETWORKDAYS($K17,$M17)-1) | P17: =IF($A17="","",IF($O17<=0,"クリティカル","")) | Q17: =IF($A17="","",IF(AND($J17<>"完了",TODAY()>$L17),"遅延","")) | R17: =IF($A17="","",_xlfn.TEXTJOIN(", ",TRUE(),IF($F17="","",IF(IFERROR(INDEX($J$3:$J$102,MATCH($F17,$A$3:$A$102,0)),"")<>"完了",IFERROR(INDEX($C$3:$C$102,MATCH($F17,$A$3:$A$102,0)),""),"")),IF($G17="","",IF(IFERROR(INDEX($J$3:$J$102,MATCH($G17,$A$3:$A$102,0)),"")<>"完了",IFERROR(INDEX($C$3:$C$102,MATCH($G17,$A$3:$A$102,0)),""),"")),IF($H17="","",IF(IFERROR(INDEX($J$3:$J$102,MATCH($H17,$A$3:$A$102,0)),"")<>"完了",IFERROR(INDEX($C$3:$C$102,MATCH($H17,$A$3:$A$102,0)),""),"")))) | S17: =IF($A17="","",IF($J17<>"完了",1,0))
K18: =IF($A18="","",IF(AND($F18="",$G18="",$H18=""),設定!$B$2,MAX(IF($F18="",0,IFERROR(WORKDAY(INDEX($L$3:$L$17,MATCH($F18,$A$3:$A$17,0)),1),0)),IF($G18="",0,IFERROR(WORKDAY(INDEX($L$3:$L$17,MATCH($G18,$A$3:$A$17,0)),1),0)),IF($H18="",0,IFERROR(WORKDAY(INDEX($L$3:$L$17,MATCH($H18,$A$3:$A$17,0)),1),0))))) | L18: =IF($A18="","",WORKDAY($K18,$I18-1)) | M18: =IF($A18="","",WORKDAY($N18,-($I18-1))) | N18: =IF($A18="","",IF(COUNTIF($F$19:$F$102,$A18)+COUNTIF($G$19:$G$102,$A18)+COUNTIF($H$19:$H$102,$A18)=0,設定!$B$3,MIN(IF(COUNTIF($F$19:$F$102,$A18)=0,999999,IFERROR(WORKDAY(_xlfn.MINIFS($M$19:$M$102,$F$19:$F$102,$A18),-1),999999)),IF(COUNTIF($G$19:$G$102,$A18)=0,999999,IFERROR(WORKDAY(_xlfn.MINIFS($M$19:$M$102,$G$19:$G$102,$A18),-1),999999)),IF(COUNTIF($H$19:$H$102,$A18)=0,999999,IFERROR(WORKDAY(_xlfn.MINIFS($M$19:$M$102,$H$19:$H$102,$A18),-1),999999))))) | O18: =IF($A18="","",NETWORKDAYS($K18,$M18)-1) | P18: =IF($A18="","",IF($O18<=0,"クリティカル","")) | Q18: =IF($A18="","",IF(AND($J18<>"完了",TODAY()>$L18),"遅延","")) | R18: =IF($A18="","",_xlfn.TEXTJOIN(", ",TRUE(),IF($F18="","",IF(IFERROR(INDEX($J$3:$J$102,MATCH($F18,$A$3:$A$102,0)),"")<>"完了",IFERROR(INDEX($C$3:$C$102,MATCH($F18,$A$3:$A$102,0)),""),"")),IF($G18="","",IF(IFERROR(INDEX($J$3:$J$102,MATCH($G18,$A$3:$A$102,0)),"")<>"完了",IFERROR(INDEX($C$3:$C$102,MATCH($G18,$A$3:$A$102,0)),""),"")),IF($H18="","",IF(IFERROR(INDEX($J$3:$J$102,MATCH($H18,$A$3:$A$102,0)),"")<>"完了",IFERROR(INDEX($C$3:$C$102,MATCH($H18,$A$3:$A$102,0)),""),"")))) | S18: =IF($A18="","",IF($J18<>"完了",1,0))
K19: =IF($A19="","",IF(AND($F19="",$G19="",$H19=""),設定!$B$2,MAX(IF($F19="",0,IFERROR(WORKDAY(INDEX($L$3:$L$18,MATCH($F19,$A$3:$A$18,0)),1),0)),IF($G19="",0,IFERROR(WORKDAY(INDEX($L$3:$L$18,MATCH($G19,$A$3:$A$18,0)),1),0)),IF($H19="",0,IFERROR(WORKDAY(INDEX($L$3:$L$18,MATCH($H19,$A$3:$A$18,0)),1),0))))) | L19: =IF($A19="","",WORKDAY($K19,$I19-1)) | M19: =IF($A19="","",WORKDAY($N19,-($I19-1))) | N19: =IF($A19="","",IF(COUNTIF($F$20:$F$102,$A19)+COUNTIF($G$20:$G$102,$A19)+COUNTIF($H$20:$H$102,$A19)=0,設定!$B$3,MIN(IF(COUNTIF($F$20:$F$102,$A19)=0,999999,IFERROR(WORKDAY(_xlfn.MINIFS($M$20:$M$102,$F$20:$F$102,$A19),-1),999999)),IF(COUNTIF($G$20:$G$102,$A19)=0,999999,IFERROR(WORKDAY(_xlfn.MINIFS($M$20:$M$102,$G$20:$G$102,$A19),-1),999999)),IF(COUNTIF($H$20:$H$102,$A19)=0,999999,IFERROR(WORKDAY(_xlfn.MINIFS($M$20:$M$102,$H$20:$H$102,$A19),-1),999999))))) | O19: =IF($A19="","",NETWORKDAYS($K19,$M19)-1) | P19: =IF($A19="","",IF($O19<=0,"クリティカル","")) | Q19: =IF($A19="","",IF(AND($J19<>"完了",TODAY()>$L19),"遅延","")) | R19: =IF($A19="","",_xlfn.TEXTJOIN(", ",TRUE(),IF($F19="","",IF(IFERROR(INDEX($J$3:$J$102,MATCH($F19,$A$3:$A$102,0)),"")<>"完了",IFERROR(INDEX($C$3:$C$102,MATCH($F19,$A$3:$A$102,0)),""),"")),IF($G19="","",IF(IFERROR(INDEX($J$3:$J$102,MATCH($G19,$A$3:$A$102,0)),"")<>"完了",IFERROR(INDEX($C$3:$C$102,MATCH($G19,$A$3:$A$102,0)),""),"")),IF($H19="","",IF(IFERROR(INDEX($J$3:$J$102,MATCH($H19,$A$3:$A$102,0)),"")<>"完了",IFERROR(INDEX($C$3:$C$102,MATCH($H19,$A$3:$A$102,0)),""),"")))) | S19: =IF($A19="","",IF($J19<>"完了",1,0))
K20: =IF($A20="","",IF(AND($F20="",$G20="",$H20=""),設定!$B$2,MAX(IF($F20="",0,IFERROR(WORKDAY(INDEX($L$3:$L$19,MATCH($F20,$A$3:$A$19,0)),1),0)),IF($G20="",0,IFERROR(WORKDAY(INDEX($L$3:$L$19,MATCH($G20,$A$3:$A$19,0)),1),0)),IF($H20="",0,IFERROR(WORKDAY(INDEX($L$3:$L$19,MATCH($H20,$A$3:$A$19,0)),1),0))))) | L20: =IF($A20="","",WORKDAY($K20,$I20-1)) | M20: =IF($A20="","",WORKDAY($N20,-($I20-1))) | N20: =IF($A20="","",IF(COUNTIF($F$21:$F$102,$A20)+COUNTIF($G$21:$G$102,$A20)+COUNTIF($H$21:$H$102,$A20)=0,設定!$B$3,MIN(IF(COUNTIF($F$21:$F$102,$A20)=0,999999,IFERROR(WORKDAY(_xlfn.MINIFS($M$21:$M$102,$F$21:$F$102,$A20),-1),999999)),IF(COUNTIF($G$21:$G$102,$A20)=0,999999,IFERROR(WORKDAY(_xlfn.MINIFS($M$21:$M$102,$G$21:$G$102,$A20),-1),999999)),IF(COUNTIF($H$21:$H$102,$A20)=0,999999,IFERROR(WORKDAY(_xlfn.MINIFS($M$21:$M$102,$H$21:$H$102,$A20),-1),999999))))) | O20: =IF($A20="","",NETWORKDAYS($K20,$M20)-1) | P20: =IF($A20="","",IF($O20<=0,"クリティカル","")) | Q20: =IF($A20="","",IF(AND($J20<>"完了",TODAY()>$L20),"遅延","")) | R20: =IF($A20="","",_xlfn.TEXTJOIN(", ",TRUE(),IF($F20="","",IF(IFERROR(INDEX($J$3:$J$102,MATCH($F20,$A$3:$A$102,0)),"")<>"完了",IFERROR(INDEX($C$3:$C$102,MATCH($F20,$A$3:$A$102,0)),""),"")),IF($G20="","",IF(IFERROR(INDEX($J$3:$J$102,MATCH($G20,$A$3:$A$102,0)),"")<>"完了",IFERROR(INDEX($C$3:$C$102,MATCH($G20,$A$3:$A$102,0)),""),"")),IF($H20="","",IF(IFERROR(INDEX($J$3:$J$102,MATCH($H20,$A$3:$A$102,0)),"")<>"完了",IFERROR(INDEX($C$3:$C$102,MATCH($H20,$A$3:$A$102,0)),""),"")))) | S20: =IF($A20="","",IF($J20<>"完了",1,0))
K21: =IF($A21="","",IF(AND($F21="",$G21="",$H21=""),設定!$B$2,MAX(IF($F21="",0,IFERROR(WORKDAY(INDEX($L$3:$L$20,MATCH($F21,$A$3:$A$20,0)),1),0)),IF($G21="",0,IFERROR(WORKDAY(INDEX($L$3:$L$20,MATCH($G21,$A$3:$A$20,0)),1),0)),IF($H21="",0,IFERROR(WORKDAY(INDEX($L$3:$L$20,MATCH($H21,$A$3:$A$20,0)),1),0))))) | L21: =IF($A21="","",WORKDAY($K21,$I21-1)) | M21: =IF($A21="","",WORKDAY($N21,-($I21-1))) | N21: =IF($A21="","",IF(COUNTIF($F$22:$F$102,$A21)+COUNTIF($G$22:$G$102,$A21)+COUNTIF($H$22:$H$102,$A21)=0,設定!$B$3,MIN(IF(COUNTIF($F$22:$F$102,$A21)=0,999999,IFERROR(WORKDAY(_xlfn.MINIFS($M$22:$M$102,$F$22:$F$102,$A21),-1),999999)),IF(COUNTIF($G$22:$G$102,$A21)=0,999999,IFERROR(WORKDAY(_xlfn.MINIFS($M$22:$M$102,$G$22:$G$102,$A21),-1),999999)),IF(COUNTIF($H$22:$H$102,$A21)=0,999999,IFERROR(WORKDAY(_xlfn.MINIFS($M$22:$M$102,$H$22:$H$102,$A21),-1),999999))))) | O21: =IF($A21="","",NETWORKDAYS($K21,$M21)-1) | P21: =IF($A21="","",IF($O21<=0,"クリティカル","")) | Q21: =IF($A21="","",IF(AND($J21<>"完了",TODAY()>$L21),"遅延","")) | R21: =IF($A21="","",_xlfn.TEXTJOIN(", ",TRUE(),IF($F21="","",IF(IFERROR(INDEX($J$3:$J$102,MATCH($F21,$A$3:$A$102,0)),"")<>"完了",IFERROR(INDEX($C$3:$C$102,MATCH($F21,$A$3:$A$102,0)),""),"")),IF($G21="","",IF(IFERROR(INDEX($J$3:$J$102,MATCH($G21,$A$3:$A$102,0)),"")<>"完了",IFERROR(INDEX($C$3:$C$102,MATCH($G21,$A$3:$A$102,0)),""),"")),IF($H21="","",IF(IFERROR(INDEX($J$3:$J$102,MATCH($H21,$A$3:$A$102,0)),"")<>"完了",IFERROR(INDEX($C$3:$C$102,MATCH($H21,$A$3:$A$102,0)),""),"")))) | S21: =IF($A21="","",IF($J21<>"完了",1,0))
K22: =IF($A22="","",IF(AND($F22="",$G22="",$H22=""),設定!$B$2,MAX(IF($F22="",0,IFERROR(WORKDAY(INDEX($L$3:$L$21,MATCH($F22,$A$3:$A$21,0)),1),0)),IF($G22="",0,IFERROR(WORKDAY(INDEX($L$3:$L$21,MATCH($G22,$A$3:$A$21,0)),1),0)),IF($H22="",0,IFERROR(WORKDAY(INDEX($L$3:$L$21,MATCH($H22,$A$3:$A$21,0)),1),0))))) | L22: =IF($A22="","",WORKDAY($K22,$I22-1)) | M22: =IF($A22="","",WORKDAY($N22,-($I22-1))) | N22: =IF($A22="","",IF(COUNTIF($F$23:$F$102,$A22)+COUNTIF($G$23:$G$102,$A22)+COUNTIF($H$23:$H$102,$A22)=0,設定!$B$3,MIN(IF(COUNTIF($F$23:$F$102,$A22)=0,999999,IFERROR(WORKDAY(_xlfn.MINIFS($M$23:$M$102,$F$23:$F$102,$A22),-1),999999)),IF(COUNTIF($G$23:$G$102,$A22)=0,999999,IFERROR(WORKDAY(_xlfn.MINIFS($M$23:$M$102,$G$23:$G$102,$A22),-1),999999)),IF(COUNTIF($H$23:$H$102,$A22)=0,999999,IFERROR(WORKDAY(_xlfn.MINIFS($M$23:$M$102,$H$23:$H$102,$A22),-1),999999))))) | O22: =IF($A22="","",NETWORKDAYS($K22,$M22)-1) | P22: =IF($A22="","",IF($O22<=0,"クリティカル","")) | Q22: =IF($A22="","",IF(AND($J22<>"完了",TODAY()>$L22),"遅延","")) | R22: =IF($A22="","",_xlfn.TEXTJOIN(", ",TRUE(),IF($F22="","",IF(IFERROR(INDEX($J$3:$J$102,MATCH($F22,$A$3:$A$102,0)),"")<>"完了",IFERROR(INDEX($C$3:$C$102,MATCH($F22,$A$3:$A$102,0)),""),"")),IF($G22="","",IF(IFERROR(INDEX($J$3:$J$102,MATCH($G22,$A$3:$A$102,0)),"")<>"完了",IFERROR(INDEX($C$3:$C$102,MATCH($G22,$A$3:$A$102,0)),""),"")),IF($H22="","",IF(IFERROR(INDEX($J$3:$J$102,MATCH($H22,$A$3:$A$102,0)),"")<>"完了",IFERROR(INDEX($C$3:$C$102,MATCH($H22,$A$3:$A$102,0)),""),"")))) | S22: =IF($A22="","",IF($J22<>"完了",1,0))
K23: =IF($A23="","",IF(AND($F23="",$G23="",$H23=""),設定!$B$2,MAX(IF($F23="",0,IFERROR(WORKDAY(INDEX($L$3:$L$22,MATCH($F23,$A$3:$A$22,0)),1),0)),IF($G23="",0,IFERROR(WORKDAY(INDEX($L$3:$L$22,MATCH($G23,$A$3:$A$22,0)),1),0)),IF($H23="",0,IFERROR(WORKDAY(INDEX($L$3:$L$22,MATCH($H23,$A$3:$A$22,0)),1),0))))) | L23: =IF($A23="","",WORKDAY($K23,$I23-1)) | M23: =IF($A23="","",WORKDAY($N23,-($I23-1))) | N23: =IF($A23="","",IF(COUNTIF($F$24:$F$102,$A23)+COUNTIF($G$24:$G$102,$A23)+COUNTIF($H$24:$H$102,$A23)=0,設定!$B$3,MIN(IF(COUNTIF($F$24:$F$102,$A23)=0,999999,IFERROR(WORKDAY(_xlfn.MINIFS($M$24:$M$102,$F$24:$F$102,$A23),-1),999999)),IF(COUNTIF($G$24:$G$102,$A23)=0,999999,IFERROR(WORKDAY(_xlfn.MINIFS($M$24:$M$102,$G$24:$G$102,$A23),-1),999999)),IF(COUNTIF($H$24:$H$102,$A23)=0,999999,IFERROR(WORKDAY(_xlfn.MINIFS($M$24:$M$102,$H$24:$H$102,$A23),-1),999999))))) | O23: =IF($A23="","",NETWORKDAYS($K23,$M23)-1) | P23: =IF($A23="","",IF($O23<=0,"クリティカル","")) | Q23: =IF($A23="","",IF(AND($J23<>"完了",TODAY()>$L23),"遅延","")) | R23: =IF($A23="","",_xlfn.TEXTJOIN(", ",TRUE(),IF($F23="","",IF(IFERROR(INDEX($J$3:$J$102,MATCH($F23,$A$3:$A$102,0)),"")<>"完了",IFERROR(INDEX($C$3:$C$102,MATCH($F23,$A$3:$A$102,0)),""),"")),IF($G23="","",IF(IFERROR(INDEX($J$3:$J$102,MATCH($G23,$A$3:$A$102,0)),"")<>"完了",IFERROR(INDEX($C$3:$C$102,MATCH($G23,$A$3:$A$102,0)),""),"")),IF($H23="","",IF(IFERROR(INDEX($J$3:$J$102,MATCH($H23,$A$3:$A$102,0)),"")<>"完了",IFERROR(INDEX($C$3:$C$102,MATCH($H23,$A$3:$A$102,0)),""),"")))) | S23: =IF($A23="","",IF($J23<>"完了",1,0))
K24: =IF($A24="","",IF(AND($F24="",$G24="",$H24=""),設定!$B$2,MAX(IF($F24="",0,IFERROR(WORKDAY(INDEX($L$3:$L$23,MATCH($F24,$A$3:$A$23,0)),1),0)),IF($G24="",0,IFERROR(WORKDAY(INDEX($L$3:$L$23,MATCH($G24,$A$3:$A$23,0)),1),0)),IF($H24="",0,IFERROR(WORKDAY(INDEX($L$3:$L$23,MATCH($H24,$A$3:$A$23,0)),1),0))))) | L24: =IF($A24="","",WORKDAY($K24,$I24-1)) | M24: =IF($A24="","",WORKDAY($N24,-($I24-1))) | N24: =IF($A24="","",IF(COUNTIF($F$25:$F$102,$A24)+COUNTIF($G$25:$G$102,$A24)+COUNTIF($H$25:$H$102,$A24)=0,設定!$B$3,MIN(IF(COUNTIF($F$25:$F$102,$A24)=0,999999,IFERROR(WORKDAY(_xlfn.MINIFS($M$25:$M$102,$F$25:$F$102,$A24),-1),999999)),IF(COUNTIF($G$25:$G$102,$A24)=0,999999,IFERROR(WORKDAY(_xlfn.MINIFS($M$25:$M$102,$G$25:$G$102,$A24),-1),999999)),IF(COUNTIF($H$25:$H$102,$A24)=0,999999,IFERROR(WORKDAY(_xlfn.MINIFS($M$25:$M$102,$H$25:$H$102,$A24),-1),999999))))) | O24: =IF($A24="","",NETWORKDAYS($K24,$M24)-1) | P24: =IF($A24="","",IF($O24<=0,"クリティカル","")) | Q24: =IF($A24="","",IF(AND($J24<>"完了",TODAY()>$L24),"遅延","")) | R24: =IF($A24="","",_xlfn.TEXTJOIN(", ",TRUE(),IF($F24="","",IF(IFERROR(INDEX($J$3:$J$102,MATCH($F24,$A$3:$A$102,0)),"")<>"完了",IFERROR(INDEX($C$3:$C$102,MATCH($F24,$A$3:$A$102,0)),""),"")),IF($G24="","",IF(IFERROR(INDEX($J$3:$J$102,MATCH($G24,$A$3:$A$102,0)),"")<>"完了",IFERROR(INDEX($C$3:$C$102,MATCH($G24,$A$3:$A$102,0)),""),"")),IF($H24="","",IF(IFERROR(INDEX($J$3:$J$102,MATCH($H24,$A$3:$A$102,0)),"")<>"完了",IFERROR(INDEX($C$3:$C$102,MATCH($H24,$A$3:$A$102,0)),""),"")))) | S24: =IF($A24="","",IF($J24<>"完了",1,0))
K25: =IF($A25="","",IF(AND($F25="",$G25="",$H25=""),設定!$B$2,MAX(IF($F25="",0,IFERROR(WORKDAY(INDEX($L$3:$L$24,MATCH($F25,$A$3:$A$24,0)),1),0)),IF($G25="",0,IFERROR(WORKDAY(INDEX($L$3:$L$24,MATCH($G25,$A$3:$A$24,0)),1),0)),IF($H25="",0,IFERROR(WORKDAY(INDEX($L$3:$L$24,MATCH($H25,$A$3:$A$24,0)),1),0))))) | L25: =IF($A25="","",WORKDAY($K25,$I25-1)) | M25: =IF($A25="","",WORKDAY($N25,-($I25-1))) | N25: =IF($A25="","",IF(COUNTIF($F$26:$F$102,$A25)+COUNTIF($G$26:$G$102,$A25)+COUNTIF($H$26:$H$102,$A25)=0,設定!$B$3,MIN(IF(COUNTIF($F$26:$F$102,$A25)=0,999999,IFERROR(WORKDAY(_xlfn.MINIFS($M$26:$M$102,$F$26:$F$102,$A25),-1),999999)),IF(COUNTIF($G$26:$G$102,$A25)=0,999999,IFERROR(WORKDAY(_xlfn.MINIFS($M$26:$M$102,$G$26:$G$102,$A25),-1),999999)),IF(COUNTIF($H$26:$H$102,$A25)=0,999999,IFERROR(WORKDAY(_xlfn.MINIFS($M$26:$M$102,$H$26:$H$102,$A25),-1),999999))))) | O25: =IF($A25="","",NETWORKDAYS($K25,$M25)-1) | P25: =IF($A25="","",IF($O25<=0,"クリティカル","")) | Q25: =IF($A25="","",IF(AND($J25<>"完了",TODAY()>$L25),"遅延","")) | R25: =IF($A25="","",_xlfn.TEXTJOIN(", ",TRUE(),IF($F25="","",IF(IFERROR(INDEX($J$3:$J$102,MATCH($F25,$A$3:$A$102,0)),"")<>"完了",IFERROR(INDEX($C$3:$C$102,MATCH($F25,$A$3:$A$102,0)),""),"")),IF($G25="","",IF(IFERROR(INDEX($J$3:$J$102,MATCH($G25,$A$3:$A$102,0)),"")<>"完了",IFERROR(INDEX($C$3:$C$102,MATCH($G25,$A$3:$A$102,0)),""),"")),IF($H25="","",IF(IFERROR(INDEX($J$3:$J$102,MATCH($H25,$A$3:$A$102,0)),"")<>"完了",IFERROR(INDEX($C$3:$C$102,MATCH($H25,$A$3:$A$102,0)),""),"")))) | S25: =IF($A25="","",IF($J25<>"完了",1,0))
K26: =IF($A26="","",IF(AND($F26="",$G26="",$H26=""),設定!$B$2,MAX(IF($F26="",0,IFERROR(WORKDAY(INDEX($L$3:$L$25,MATCH($F26,$A$3:$A$25,0)),1),0)),IF($G26="",0,IFERROR(WORKDAY(INDEX($L$3:$L$25,MATCH($G26,$A$3:$A$25,0)),1),0)),IF($H26="",0,IFERROR(WORKDAY(INDEX($L$3:$L$25,MATCH($H26,$A$3:$A$25,0)),1),0))))) | L26: =IF($A26="","",WORKDAY($K26,$I26-1)) | M26: =IF($A26="","",WORKDAY($N26,-($I26-1))) | N26: =IF($A26="","",IF(COUNTIF($F$27:$F$102,$A26)+COUNTIF($G$27:$G$102,$A26)+COUNTIF($H$27:$H$102,$A26)=0,設定!$B$3,MIN(IF(COUNTIF($F$27:$F$102,$A26)=0,999999,IFERROR(WORKDAY(_xlfn.MINIFS($M$27:$M$102,$F$27:$F$102,$A26),-1),999999)),IF(COUNTIF($G$27:$G$102,$A26)=0,999999,IFERROR(WORKDAY(_xlfn.MINIFS($M$27:$M$102,$G$27:$G$102,$A26),-1),999999)),IF(COUNTIF($H$27:$H$102,$A26)=0,999999,IFERROR(WORKDAY(_xlfn.MINIFS($M$27:$M$102,$H$27:$H$102,$A26),-1),999999))))) | O26: =IF($A26="","",NETWORKDAYS($K26,$M26)-1) | P26: =IF($A26="","",IF($O26<=0,"クリティカル","")) | Q26: =IF($A26="","",IF(AND($J26<>"完了",TODAY()>$L26),"遅延","")) | R26: =IF($A26="","",_xlfn.TEXTJOIN(", ",TRUE(),IF($F26="","",IF(IFERROR(INDEX($J$3:$J$102,MATCH($F26,$A$3:$A$102,0)),"")<>"完了",IFERROR(INDEX($C$3:$C$102,MATCH($F26,$A$3:$A$102,0)),""),"")),IF($G26="","",IF(IFERROR(INDEX($J$3:$J$102,MATCH($G26,$A$3:$A$102,0)),"")<>"完了",IFERROR(INDEX($C$3:$C$102,MATCH($G26,$A$3:$A$102,0)),""),"")),IF($H26="","",IF(IFERROR(INDEX($J$3:$J$102,MATCH($H26,$A$3:$A$102,0)),"")<>"完了",IFERROR(INDEX($C$3:$C$102,MATCH($H26,$A$3:$A$102,0)),""),"")))) | S26: =IF($A26="","",IF($J26<>"完了",1,0))
K27: =IF($A27="","",IF(AND($F27="",$G27="",$H27=""),設定!$B$2,MAX(IF($F27="",0,IFERROR(WORKDAY(INDEX($L$3:$L$26,MATCH($F27,$A$3:$A$26,0)),1),0)),IF($G27="",0,IFERROR(WORKDAY(INDEX($L$3:$L$26,MATCH($G27,$A$3:$A$26,0)),1),0)),IF($H27="",0,IFERROR(WORKDAY(INDEX($L$3:$L$26,MATCH($H27,$A$3:$A$26,0)),1),0))))) | L27: =IF($A27="","",WORKDAY($K27,$I27-1)) | M27: =IF($A27="","",WORKDAY($N27,-($I27-1))) | N27: =IF($A27="","",IF(COUNTIF($F$28:$F$102,$A27)+COUNTIF($G$28:$G$102,$A27)+COUNTIF($H$28:$H$102,$A27)=0,設定!$B$3,MIN(IF(COUNTIF($F$28:$F$102,$A27)=0,999999,IFERROR(WORKDAY(_xlfn.MINIFS($M$28:$M$102,$F$28:$F$102,$A27),-1),999999)),IF(COUNTIF($G$28:$G$102,$A27)=0,999999,IFERROR(WORKDAY(_xlfn.MINIFS($M$28:$M$102,$G$28:$G$102,$A27),-1),999999)),IF(COUNTIF($H$28:$H$102,$A27)=0,999999,IFERROR(WORKDAY(_xlfn.MINIFS($M$28:$M$102,$H$28:$H$102,$A27),-1),999999))))) | O27: =IF($A27="","",NETWORKDAYS($K27,$M27)-1) | P27: =IF($A27="","",IF($O27<=0,"クリティカル","")) | Q27: =IF($A27="","",IF(AND($J27<>"完了",TODAY()>$L27),"遅延","")) | R27: =IF($A27="","",_xlfn.TEXTJOIN(", ",TRUE(),IF($F27="","",IF(IFERROR(INDEX($J$3:$J$102,MATCH($F27,$A$3:$A$102,0)),"")<>"完了",IFERROR(INDEX($C$3:$C$102,MATCH($F27,$A$3:$A$102,0)),""),"")),IF($G27="","",IF(IFERROR(INDEX($J$3:$J$102,MATCH($G27,$A$3:$A$102,0)),"")<>"完了",IFERROR(INDEX($C$3:$C$102,MATCH($G27,$A$3:$A$102,0)),""),"")),IF($H27="","",IF(IFERROR(INDEX($J$3:$J$102,MATCH($H27,$A$3:$A$102,0)),"")<>"完了",IFERROR(INDEX($C$3:$C$102,MATCH($H27,$A$3:$A$102,0)),""),"")))) | S27: =IF($A27="","",IF($J27<>"完了",1,0))
K28: =IF($A28="","",IF(AND($F28="",$G28="",$H28=""),設定!$B$2,MAX(IF($F28="",0,IFERROR(WORKDAY(INDEX($L$3:$L$27,MATCH($F28,$A$3:$A$27,0)),1),0)),IF($G28="",0,IFERROR(WORKDAY(INDEX($L$3:$L$27,MATCH($G28,$A$3:$A$27,0)),1),0)),IF($H28="",0,IFERROR(WORKDAY(INDEX($L$3:$L$27,MATCH($H28,$A$3:$A$27,0)),1),0))))) | L28: =IF($A28="","",WORKDAY($K28,$I28-1)) | M28: =IF($A28="","",WORKDAY($N28,-($I28-1))) | N28: =IF($A28="","",IF(COUNTIF($F$29:$F$102,$A28)+COUNTIF($G$29:$G$102,$A28)+COUNTIF($H$29:$H$102,$A28)=0,設定!$B$3,MIN(IF(COUNTIF($F$29:$F$102,$A28)=0,999999,IFERROR(WORKDAY(_xlfn.MINIFS($M$29:$M$102,$F$29:$F$102,$A28),-1),999999)),IF(COUNTIF($G$29:$G$102,$A28)=0,999999,IFERROR(WORKDAY(_xlfn.MINIFS($M$29:$M$102,$G$29:$G$102,$A28),-1),999999)),IF(COUNTIF($H$29:$H$102,$A28)=0,999999,IFERROR(WORKDAY(_xlfn.MINIFS($M$29:$M$102,$H$29:$H$102,$A28),-1),999999))))) | O28: =IF($A28="","",NETWORKDAYS($K28,$M28)-1) | P28: =IF($A28="","",IF($O28<=0,"クリティカル","")) | Q28: =IF($A28="","",IF(AND($J28<>"完了",TODAY()>$L28),"遅延","")) | R28: =IF($A28="","",_xlfn.TEXTJOIN(", ",TRUE(),IF($F28="","",IF(IFERROR(INDEX($J$3:$J$102,MATCH($F28,$A$3:$A$102,0)),"")<>"完了",IFERROR(INDEX($C$3:$C$102,MATCH($F28,$A$3:$A$102,0)),""),"")),IF($G28="","",IF(IFERROR(INDEX($J$3:$J$102,MATCH($G28,$A$3:$A$102,0)),"")<>"完了",IFERROR(INDEX($C$3:$C$102,MATCH($G28,$A$3:$A$102,0)),""),"")),IF($H28="","",IF(IFERROR(INDEX($J$3:$J$102,MATCH($H28,$A$3:$A$102,0)),"")<>"完了",IFERROR(INDEX($C$3:$C$102,MATCH($H28,$A$3:$A$102,0)),""),"")))) | S28: =IF($A28="","",IF($J28<>"完了",1,0))
K29: =IF($A29="","",IF(AND($F29="",$G29="",$H29=""),設定!$B$2,MAX(IF($F29="",0,IFERROR(WORKDAY(INDEX($L$3:$L$28,MATCH($F29,$A$3:$A$28,0)),1),0)),IF($G29="",0,IFERROR(WORKDAY(INDEX($L$3:$L$28,MATCH($G29,$A$3:$A$28,0)),1),0)),IF($H29="",0,IFERROR(WORKDAY(INDEX($L$3:$L$28,MATCH($H29,$A$3:$A$28,0)),1),0))))) | L29: =IF($A29="","",WORKDAY($K29,$I29-1)) | M29: =IF($A29="","",WORKDAY($N29,-($I29-1))) | N29: =IF($A29="","",IF(COUNTIF($F$30:$F$102,$A29)+COUNTIF($G$30:$G$102,$A29)+COUNTIF($H$30:$H$102,$A29)=0,設定!$B$3,MIN(IF(COUNTIF($F$30:$F$102,$A29)=0,999999,IFERROR(WORKDAY(_xlfn.MINIFS($M$30:$M$102,$F$30:$F$102,$A29),-1),999999)),IF(COUNTIF($G$30:$G$102,$A29)=0,999999,IFERROR(WORKDAY(_xlfn.MINIFS($M$30:$M$102,$G$30:$G$102,$A29),-1),999999)),IF(COUNTIF($H$30:$H$102,$A29)=0,999999,IFERROR(WORKDAY(_xlfn.MINIFS($M$30:$M$102,$H$30:$H$102,$A29),-1),999999))))) | O29: =IF($A29="","",NETWORKDAYS($K29,$M29)-1) | P29: =IF($A29="","",IF($O29<=0,"クリティカル","")) | Q29: =IF($A29="","",IF(AND($J29<>"完了",TODAY()>$L29),"遅延","")) | R29: =IF($A29="","",_xlfn.TEXTJOIN(", ",TRUE(),IF($F29="","",IF(IFERROR(INDEX($J$3:$J$102,MATCH($F29,$A$3:$A$102,0)),"")<>"完了",IFERROR(INDEX($C$3:$C$102,MATCH($F29,$A$3:$A$102,0)),""),"")),IF($G29="","",IF(IFERROR(INDEX($J$3:$J$102,MATCH($G29,$A$3:$A$102,0)),"")<>"完了",IFERROR(INDEX($C$3:$C$102,MATCH($G29,$A$3:$A$102,0)),""),"")),IF($H29="","",IF(IFERROR(INDEX($J$3:$J$102,MATCH($H29,$A$3:$A$102,0)),"")<>"完了",IFERROR(INDEX($C$3:$C$102,MATCH($H29,$A$3:$A$102,0)),""),"")))) | S29: =IF($A29="","",IF($J29<>"完了",1,0))
K30: =IF($A30="","",IF(AND($F30="",$G30="",$H30=""),設定!$B$2,MAX(IF($F30="",0,IFERROR(WORKDAY(INDEX($L$3:$L$29,MATCH($F30,$A$3:$A$29,0)),1),0)),IF($G30="",0,IFERROR(WORKDAY(INDEX($L$3:$L$29,MATCH($G30,$A$3:$A$29,0)),1),0)),IF($H30="",0,IFERROR(WORKDAY(INDEX($L$3:$L$29,MATCH($H30,$A$3:$A$29,0)),1),0))))) | L30: =IF($A30="","",WORKDAY($K30,$I30-1)) | M30: =IF($A30="","",WORKDAY($N30,-($I30-1))) | N30: =IF($A30="","",IF(COUNTIF($F$31:$F$102,$A30)+COUNTIF($G$31:$G$102,$A30)+COUNTIF($H$31:$H$102,$A30)=0,設定!$B$3,MIN(IF(COUNTIF($F$31:$F$102,$A30)=0,999999,IFERROR(WORKDAY(_xlfn.MINIFS($M$31:$M$102,$F$31:$F$102,$A30),-1),999999)),IF(COUNTIF($G$31:$G$102,$A30)=0,999999,IFERROR(WORKDAY(_xlfn.MINIFS($M$31:$M$102,$G$31:$G$102,$A30),-1),999999)),IF(COUNTIF($H$31:$H$102,$A30)=0,999999,IFERROR(WORKDAY(_xlfn.MINIFS($M$31:$M$102,$H$31:$H$102,$A30),-1),999999))))) | O30: =IF($A30="","",NETWORKDAYS($K30,$M30)-1) | P30: =IF($A30="","",IF($O30<=0,"クリティカル","")) | Q30: =IF($A30="","",IF(AND($J30<>"完了",TODAY()>$L30),"遅延","")) | R30: =IF($A30="","",_xlfn.TEXTJOIN(", ",TRUE(),IF($F30="","",IF(IFERROR(INDEX($J$3:$J$102,MATCH($F30,$A$3:$A$102,0)),"")<>"完了",IFERROR(INDEX($C$3:$C$102,MATCH($F30,$A$3:$A$102,0)),""),"")),IF($G30="","",IF(IFERROR(INDEX($J$3:$J$102,MATCH($G30,$A$3:$A$102,0)),"")<>"完了",IFERROR(INDEX($C$3:$C$102,MATCH($G30,$A$3:$A$102,0)),""),"")),IF($H30="","",IF(IFERROR(INDEX($J$3:$J$102,MATCH($H30,$A$3:$A$102,0)),"")<>"完了",IFERROR(INDEX($C$3:$C$102,MATCH($H30,$A$3:$A$102,0)),""),"")))) | S30: =IF($A30="","",IF($J30<>"完了",1,0))
K31: =IF($A31="","",IF(AND($F31="",$G31="",$H31=""),設定!$B$2,MAX(IF($F31="",0,IFERROR(WORKDAY(INDEX($L$3:$L$30,MATCH($F31,$A$3:$A$30,0)),1),0)),IF($G31="",0,IFERROR(WORKDAY(INDEX($L$3:$L$30,MATCH($G31,$A$3:$A$30,0)),1),0)),IF($H31="",0,IFERROR(WORKDAY(INDEX($L$3:$L$30,MATCH($H31,$A$3:$A$30,0)),1),0))))) | L31: =IF($A31="","",WORKDAY($K31,$I31-1)) | M31: =IF($A31="","",WORKDAY($N31,-($I31-1))) | N31: =IF($A31="","",IF(COUNTIF($F$32:$F$102,$A31)+COUNTIF($G$32:$G$102,$A31)+COUNTIF($H$32:$H$102,$A31)=0,設定!$B$3,MIN(IF(COUNTIF($F$32:$F$102,$A31)=0,999999,IFERROR(WORKDAY(_xlfn.MINIFS($M$32:$M$102,$F$32:$F$102,$A31),-1),999999)),IF(COUNTIF($G$32:$G$102,$A31)=0,999999,IFERROR(WORKDAY(_xlfn.MINIFS($M$32:$M$102,$G$32:$G$102,$A31),-1),999999)),IF(COUNTIF($H$32:$H$102,$A31)=0,999999,IFERROR(WORKDAY(_xlfn.MINIFS($M$32:$M$102,$H$32:$H$102,$A31),-1),999999))))) | O31: =IF($A31="","",NETWORKDAYS($K31,$M31)-1) | P31: =IF($A31="","",IF($O31<=0,"クリティカル","")) | Q31: =IF($A31="","",IF(AND($J31<>"完了",TODAY()>$L31),"遅延","")) | R31: =IF($A31="","",_xlfn.TEXTJOIN(", ",TRUE(),IF($F31="","",IF(IFERROR(INDEX($J$3:$J$102,MATCH($F31,$A$3:$A$102,0)),"")<>"完了",IFERROR(INDEX($C$3:$C$102,MATCH($F31,$A$3:$A$102,0)),""),"")),IF($G31="","",IF(IFERROR(INDEX($J$3:$J$102,MATCH($G31,$A$3:$A$102,0)),"")<>"完了",IFERROR(INDEX($C$3:$C$102,MATCH($G31,$A$3:$A$102,0)),""),"")),IF($H31="","",IF(IFERROR(INDEX($J$3:$J$102,MATCH($H31,$A$3:$A$102,0)),"")<>"完了",IFERROR(INDEX($C$3:$C$102,MATCH($H31,$A$3:$A$102,0)),""),"")))) | S31: =IF($A31="","",IF($J31<>"完了",1,0))
K32: =IF($A32="","",IF(AND($F32="",$G32="",$H32=""),設定!$B$2,MAX(IF($F32="",0,IFERROR(WORKDAY(INDEX($L$3:$L$31,MATCH($F32,$A$3:$A$31,0)),1),0)),IF($G32="",0,IFERROR(WORKDAY(INDEX($L$3:$L$31,MATCH($G32,$A$3:$A$31,0)),1),0)),IF($H32="",0,IFERROR(WORKDAY(INDEX($L$3:$L$31,MATCH($H32,$A$3:$A$31,0)),1),0))))) | L32: =IF($A32="","",WORKDAY($K32,$I32-1)) | M32: =IF($A32="","",WORKDAY($N32,-($I32-1))) | N32: =IF($A32="","",IF(COUNTIF($F$33:$F$102,$A32)+COUNTIF($G$33:$G$102,$A32)+COUNTIF($H$33:$H$102,$A32)=0,設定!$B$3,MIN(IF(COUNTIF($F$33:$F$102,$A32)=0,999999,IFERROR(WORKDAY(_xlfn.MINIFS($M$33:$M$102,$F$33:$F$102,$A32),-1),999999)),IF(COUNTIF($G$33:$G$102,$A32)=0,999999,IFERROR(WORKDAY(_xlfn.MINIFS($M$33:$M$102,$G$33:$G$102,$A32),-1),999999)),IF(COUNTIF($H$33:$H$102,$A32)=0,999999,IFERROR(WORKDAY(_xlfn.MINIFS($M$33:$M$102,$H$33:$H$102,$A32),-1),999999))))) | O32: =IF($A32="","",NETWORKDAYS($K32,$M32)-1) | P32: =IF($A32="","",IF($O32<=0,"クリティカル","")) | Q32: =IF($A32="","",IF(AND($J32<>"完了",TODAY()>$L32),"遅延","")) | R32: =IF($A32="","",_xlfn.TEXTJOIN(", ",TRUE(),IF($F32="","",IF(IFERROR(INDEX($J$3:$J$102,MATCH($F32,$A$3:$A$102,0)),"")<>"完了",IFERROR(INDEX($C$3:$C$102,MATCH($F32,$A$3:$A$102,0)),""),"")),IF($G32="","",IF(IFERROR(INDEX($J$3:$J$102,MATCH($G32,$A$3:$A$102,0)),"")<>"完了",IFERROR(INDEX($C$3:$C$102,MATCH($G32,$A$3:$A$102,0)),""),"")),IF($H32="","",IF(IFERROR(INDEX($J$3:$J$102,MATCH($H32,$A$3:$A$102,0)),"")<>"完了",IFERROR(INDEX($C$3:$C$102,MATCH($H32,$A$3:$A$102,0)),""),"")))) | S32: =IF($A32="","",IF($J32<>"完了",1,0))
K33: =IF($A33="","",IF(AND($F33="",$G33="",$H33=""),設定!$B$2,MAX(IF($F33="",0,IFERROR(WORKDAY(INDEX($L$3:$L$32,MATCH($F33,$A$3:$A$32,0)),1),0)),IF($G33="",0,IFERROR(WORKDAY(INDEX($L$3:$L$32,MATCH($G33,$A$3:$A$32,0)),1),0)),IF($H33="",0,IFERROR(WORKDAY(INDEX($L$3:$L$32,MATCH($H33,$A$3:$A$32,0)),1),0))))) | L33: =IF($A33="","",WORKDAY($K33,$I33-1)) | M33: =IF($A33="","",WORKDAY($N33,-($I33-1))) | N33: =IF($A33="","",IF(COUNTIF($F$34:$F$102,$A33)+COUNTIF($G$34:$G$102,$A33)+COUNTIF($H$34:$H$102,$A33)=0,設定!$B$3,MIN(IF(COUNTIF($F$34:$F$102,$A33)=0,999999,IFERROR(WORKDAY(_xlfn.MINIFS($M$34:$M$102,$F$34:$F$102,$A33),-1),999999)),IF(COUNTIF($G$34:$G$102,$A33)=0,999999,IFERROR(WORKDAY(_xlfn.MINIFS($M$34:$M$102,$G$34:$G$102,$A33),-1),999999)),IF(COUNTIF($H$34:$H$102,$A33)=0,999999,IFERROR(WORKDAY(_xlfn.MINIFS($M$34:$M$102,$H$34:$H$102,$A33),-1),999999))))) | O33: =IF($A33="","",NETWORKDAYS($K33,$M33)-1) | P33: =IF($A33="","",IF($O33<=0,"クリティカル","")) | Q33: =IF($A33="","",IF(AND($J33<>"完了",TODAY()>$L33),"遅延","")) | R33: =IF($A33="","",_xlfn.TEXTJOIN(", ",TRUE(),IF($F33="","",IF(IFERROR(INDEX($J$3:$J$102,MATCH($F33,$A$3:$A$102,0)),"")<>"完了",IFERROR(INDEX($C$3:$C$102,MATCH($F33,$A$3:$A$102,0)),""),"")),IF($G33="","",IF(IFERROR(INDEX($J$3:$J$102,MATCH($G33,$A$3:$A$102,0)),"")<>"完了",IFERROR(INDEX($C$3:$C$102,MATCH($G33,$A$3:$A$102,0)),""),"")),IF($H33="","",IF(IFERROR(INDEX($J$3:$J$102,MATCH($H33,$A$3:$A$102,0)),"")<>"完了",IFERROR(INDEX($C$3:$C$102,MATCH($H33,$A$3:$A$102,0)),""),"")))) | S33: =IF($A33="","",IF($J33<>"完了",1,0))
K34: =IF($A34="","",IF(AND($F34="",$G34="",$H34=""),設定!$B$2,MAX(IF($F34="",0,IFERROR(WORKDAY(INDEX($L$3:$L$33,MATCH($F34,$A$3:$A$33,0)),1),0)),IF($G34="",0,IFERROR(WORKDAY(INDEX($L$3:$L$33,MATCH($G34,$A$3:$A$33,0)),1),0)),IF($H34="",0,IFERROR(WORKDAY(INDEX($L$3:$L$33,MATCH($H34,$A$3:$A$33,0)),1),0))))) | L34: =IF($A34="","",WORKDAY($K34,$I34-1)) | M34: =IF($A34="","",WORKDAY($N34,-($I34-1))) | N34: =IF($A34="","",IF(COUNTIF($F$35:$F$102,$A34)+COUNTIF($G$35:$G$102,$A34)+COUNTIF($H$35:$H$102,$A34)=0,設定!$B$3,MIN(IF(COUNTIF($F$35:$F$102,$A34)=0,999999,IFERROR(WORKDAY(_xlfn.MINIFS($M$35:$M$102,$F$35:$F$102,$A34),-1),999999)),IF(COUNTIF($G$35:$G$102,$A34)=0,999999,IFERROR(WORKDAY(_xlfn.MINIFS($M$35:$M$102,$G$35:$G$102,$A34),-1),999999)),IF(COUNTIF($H$35:$H$102,$A34)=0,999999,IFERROR(WORKDAY(_xlfn.MINIFS($M$35:$M$102,$H$35:$H$102,$A34),-1),999999))))) | O34: =IF($A34="","",NETWORKDAYS($K34,$M34)-1) | P34: =IF($A34="","",IF($O34<=0,"クリティカル","")) | Q34: =IF($A34="","",IF(AND($J34<>"完了",TODAY()>$L34),"遅延","")) | R34: =IF($A34="","",_xlfn.TEXTJOIN(", ",TRUE(),IF($F34="","",IF(IFERROR(INDEX($J$3:$J$102,MATCH($F34,$A$3:$A$102,0)),"")<>"完了",IFERROR(INDEX($C$3:$C$102,MATCH($F34,$A$3:$A$102,0)),""),"")),IF($G34="","",IF(IFERROR(INDEX($J$3:$J$102,MATCH($G34,$A$3:$A$102,0)),"")<>"完了",IFERROR(INDEX($C$3:$C$102,MATCH($G34,$A$3:$A$102,0)),""),"")),IF($H34="","",IF(IFERROR(INDEX($J$3:$J$102,MATCH($H34,$A$3:$A$102,0)),"")<>"完了",IFERROR(INDEX($C$3:$C$102,MATCH($H34,$A$3:$A$102,0)),""),"")))) | S34: =IF($A34="","",IF($J34<>"完了",1,0))
K35: =IF($A35="","",IF(AND($F35="",$G35="",$H35=""),設定!$B$2,MAX(IF($F35="",0,IFERROR(WORKDAY(INDEX($L$3:$L$34,MATCH($F35,$A$3:$A$34,0)),1),0)),IF($G35="",0,IFERROR(WORKDAY(INDEX($L$3:$L$34,MATCH($G35,$A$3:$A$34,0)),1),0)),IF($H35="",0,IFERROR(WORKDAY(INDEX($L$3:$L$34,MATCH($H35,$A$3:$A$34,0)),1),0))))) | L35: =IF($A35="","",WORKDAY($K35,$I35-1)) | M35: =IF($A35="","",WORKDAY($N35,-($I35-1))) | N35: =IF($A35="","",IF(COUNTIF($F$36:$F$102,$A35)+COUNTIF($G$36:$G$102,$A35)+COUNTIF($H$36:$H$102,$A35)=0,設定!$B$3,MIN(IF(COUNTIF($F$36:$F$102,$A35)=0,999999,IFERROR(WORKDAY(_xlfn.MINIFS($M$36:$M$102,$F$36:$F$102,$A35),-1),999999)),IF(COUNTIF($G$36:$G$102,$A35)=0,999999,IFERROR(WORKDAY(_xlfn.MINIFS($M$36:$M$102,$G$36:$G$102,$A35),-1),999999)),IF(COUNTIF($H$36:$H$102,$A35)=0,999999,IFERROR(WORKDAY(_xlfn.MINIFS($M$36:$M$102,$H$36:$H$102,$A35),-1),999999))))) | O35: =IF($A35="","",NETWORKDAYS($K35,$M35)-1) | P35: =IF($A35="","",IF($O35<=0,"クリティカル","")) | Q35: =IF($A35="","",IF(AND($J35<>"完了",TODAY()>$L35),"遅延","")) | R35: =IF($A35="","",_xlfn.TEXTJOIN(", ",TRUE(),IF($F35="","",IF(IFERROR(INDEX($J$3:$J$102,MATCH($F35,$A$3:$A$102,0)),"")<>"完了",IFERROR(INDEX($C$3:$C$102,MATCH($F35,$A$3:$A$102,0)),""),"")),IF($G35="","",IF(IFERROR(INDEX($J$3:$J$102,MATCH($G35,$A$3:$A$102,0)),"")<>"完了",IFERROR(INDEX($C$3:$C$102,MATCH($G35,$A$3:$A$102,0)),""),"")),IF($H35="","",IF(IFERROR(INDEX($J$3:$J$102,MATCH($H35,$A$3:$A$102,0)),"")<>"完了",IFERROR(INDEX($C$3:$C$102,MATCH($H35,$A$3:$A$102,0)),""),"")))) | S35: =IF($A35="","",IF($J35<>"完了",1,0))
K36: =IF($A36="","",IF(AND($F36="",$G36="",$H36=""),設定!$B$2,MAX(IF($F36="",0,IFERROR(WORKDAY(INDEX($L$3:$L$35,MATCH($F36,$A$3:$A$35,0)),1),0)),IF($G36="",0,IFERROR(WORKDAY(INDEX($L$3:$L$35,MATCH($G36,$A$3:$A$35,0)),1),0)),IF($H36="",0,IFERROR(WORKDAY(INDEX($L$3:$L$35,MATCH($H36,$A$3:$A$35,0)),1),0))))) | L36: =IF($A36="","",WORKDAY($K36,$I36-1)) | M36: =IF($A36="","",WORKDAY($N36,-($I36-1))) | N36: =IF($A36="","",IF(COUNTIF($F$37:$F$102,$A36)+COUNTIF($G$37:$G$102,$A36)+COUNTIF($H$37:$H$102,$A36)=0,設定!$B$3,MIN(IF(COUNTIF($F$37:$F$102,$A36)=0,999999,IFERROR(WORKDAY(_xlfn.MINIFS($M$37:$M$102,$F$37:$F$102,$A36),-1),999999)),IF(COUNTIF($G$37:$G$102,$A36)=0,999999,IFERROR(WORKDAY(_xlfn.MINIFS($M$37:$M$102,$G$37:$G$102,$A36),-1),999999)),IF(COUNTIF($H$37:$H$102,$A36)=0,999999,IFERROR(WORKDAY(_xlfn.MINIFS($M$37:$M$102,$H$37:$H$102,$A36),-1),999999))))) | O36: =IF($A36="","",NETWORKDAYS($K36,$M36)-1) | P36: =IF($A36="","",IF($O36<=0,"クリティカル","")) | Q36: =IF($A36="","",IF(AND($J36<>"完了",TODAY()>$L36),"遅延","")) | R36: =IF($A36="","",_xlfn.TEXTJOIN(", ",TRUE(),IF($F36="","",IF(IFERROR(INDEX($J$3:$J$102,MATCH($F36,$A$3:$A$102,0)),"")<>"完了",IFERROR(INDEX($C$3:$C$102,MATCH($F36,$A$3:$A$102,0)),""),"")),IF($G36="","",IF(IFERROR(INDEX($J$3:$J$102,MATCH($G36,$A$3:$A$102,0)),"")<>"完了",IFERROR(INDEX($C$3:$C$102,MATCH($G36,$A$3:$A$102,0)),""),"")),IF($H36="","",IF(IFERROR(INDEX($J$3:$J$102,MATCH($H36,$A$3:$A$102,0)),"")<>"完了",IFERROR(INDEX($C$3:$C$102,MATCH($H36,$A$3:$A$102,0)),""),"")))) | S36: =IF($A36="","",IF($J36<>"完了",1,0))
K37: =IF($A37="","",IF(AND($F37="",$G37="",$H37=""),設定!$B$2,MAX(IF($F37="",0,IFERROR(WORKDAY(INDEX($L$3:$L$36,MATCH($F37,$A$3:$A$36,0)),1),0)),IF($G37="",0,IFERROR(WORKDAY(INDEX($L$3:$L$36,MATCH($G37,$A$3:$A$36,0)),1),0)),IF($H37="",0,IFERROR(WORKDAY(INDEX($L$3:$L$36,MATCH($H37,$A$3:$A$36,0)),1),0))))) | L37: =IF($A37="","",WORKDAY($K37,$I37-1)) | M37: =IF($A37="","",WORKDAY($N37,-($I37-1))) | N37: =IF($A37="","",IF(COUNTIF($F$38:$F$102,$A37)+COUNTIF($G$38:$G$102,$A37)+COUNTIF($H$38:$H$102,$A37)=0,設定!$B$3,MIN(IF(COUNTIF($F$38:$F$102,$A37)=0,999999,IFERROR(WORKDAY(_xlfn.MINIFS($M$38:$M$102,$F$38:$F$102,$A37),-1),999999)),IF(COUNTIF($G$38:$G$102,$A37)=0,999999,IFERROR(WORKDAY(_xlfn.MINIFS($M$38:$M$102,$G$38:$G$102,$A37),-1),999999)),IF(COUNTIF($H$38:$H$102,$A37)=0,999999,IFERROR(WORKDAY(_xlfn.MINIFS($M$38:$M$102,$H$38:$H$102,$A37),-1),999999))))) | O37: =IF($A37="","",NETWORKDAYS($K37,$M37)-1) | P37: =IF($A37="","",IF($O37<=0,"クリティカル","")) | Q37: =IF($A37="","",IF(AND($J37<>"完了",TODAY()>$L37),"遅延","")) | R37: =IF($A37="","",_xlfn.TEXTJOIN(", ",TRUE(),IF($F37="","",IF(IFERROR(INDEX($J$3:$J$102,MATCH($F37,$A$3:$A$102,0)),"")<>"完了",IFERROR(INDEX($C$3:$C$102,MATCH($F37,$A$3:$A$102,0)),""),"")),IF($G37="","",IF(IFERROR(INDEX($J$3:$J$102,MATCH($G37,$A$3:$A$102,0)),"")<>"完了",IFERROR(INDEX($C$3:$C$102,MATCH($G37,$A$3:$A$102,0)),""),"")),IF($H37="","",IF(IFERROR(INDEX($J$3:$J$102,MATCH($H37,$A$3:$A$102,0)),"")<>"完了",IFERROR(INDEX($C$3:$C$102,MATCH($H37,$A$3:$A$102,0)),""),"")))) | S37: =IF($A37="","",IF($J37<>"完了",1,0))
K38: =IF($A38="","",IF(AND($F38="",$G38="",$H38=""),設定!$B$2,MAX(IF($F38="",0,IFERROR(WORKDAY(INDEX($L$3:$L$37,MATCH($F38,$A$3:$A$37,0)),1),0)),IF($G38="",0,IFERROR(WORKDAY(INDEX($L$3:$L$37,MATCH($G38,$A$3:$A$37,0)),1),0)),IF($H38="",0,IFERROR(WORKDAY(INDEX($L$3:$L$37,MATCH($H38,$A$3:$A$37,0)),1),0))))) | L38: =IF($A38="","",WORKDAY($K38,$I38-1)) | M38: =IF($A38="","",WORKDAY($N38,-($I38-1))) | N38: =IF($A38="","",IF(COUNTIF($F$39:$F$102,$A38)+COUNTIF($G$39:$G$102,$A38)+COUNTIF($H$39:$H$102,$A38)=0,設定!$B$3,MIN(IF(COUNTIF($F$39:$F$102,$A38)=0,999999,IFERROR(WORKDAY(_xlfn.MINIFS($M$39:$M$102,$F$39:$F$102,$A38),-1),999999)),IF(COUNTIF($G$39:$G$102,$A38)=0,999999,IFERROR(WORKDAY(_xlfn.MINIFS($M$39:$M$102,$G$39:$G$102,$A38),-1),999999)),IF(COUNTIF($H$39:$H$102,$A38)=0,999999,IFERROR(WORKDAY(_xlfn.MINIFS($M$39:$M$102,$H$39:$H$102,$A38),-1),999999))))) | O38: =IF($A38="","",NETWORKDAYS($K38,$M38)-1) | P38: =IF($A38="","",IF($O38<=0,"クリティカル","")) | Q38: =IF($A38="","",IF(AND($J38<>"完了",TODAY()>$L38),"遅延","")) | R38: =IF($A38="","",_xlfn.TEXTJOIN(", ",TRUE(),IF($F38="","",IF(IFERROR(INDEX($J$3:$J$102,MATCH($F38,$A$3:$A$102,0)),"")<>"完了",IFERROR(INDEX($C$3:$C$102,MATCH($F38,$A$3:$A$102,0)),""),"")),IF($G38="","",IF(IFERROR(INDEX($J$3:$J$102,MATCH($G38,$A$3:$A$102,0)),"")<>"完了",IFERROR(INDEX($C$3:$C$102,MATCH($G38,$A$3:$A$102,0)),""),"")),IF($H38="","",IF(IFERROR(INDEX($J$3:$J$102,MATCH($H38,$A$3:$A$102,0)),"")<>"完了",IFERROR(INDEX($C$3:$C$102,MATCH($H38,$A$3:$A$102,0)),""),"")))) | S38: =IF($A38="","",IF($J38<>"完了",1,0))
K39: =IF($A39="","",IF(AND($F39="",$G39="",$H39=""),設定!$B$2,MAX(IF($F39="",0,IFERROR(WORKDAY(INDEX($L$3:$L$38,MATCH($F39,$A$3:$A$38,0)),1),0)),IF($G39="",0,IFERROR(WORKDAY(INDEX($L$3:$L$38,MATCH($G39,$A$3:$A$38,0)),1),0)),IF($H39="",0,IFERROR(WORKDAY(INDEX($L$3:$L$38,MATCH($H39,$A$3:$A$38,0)),1),0))))) | L39: =IF($A39="","",WORKDAY($K39,$I39-1)) | M39: =IF($A39="","",WORKDAY($N39,-($I39-1))) | N39: =IF($A39="","",IF(COUNTIF($F$40:$F$102,$A39)+COUNTIF($G$40:$G$102,$A39)+COUNTIF($H$40:$H$102,$A39)=0,設定!$B$3,MIN(IF(COUNTIF($F$40:$F$102,$A39)=0,999999,IFERROR(WORKDAY(_xlfn.MINIFS($M$40:$M$102,$F$40:$F$102,$A39),-1),999999)),IF(COUNTIF($G$40:$G$102,$A39)=0,999999,IFERROR(WORKDAY(_xlfn.MINIFS($M$40:$M$102,$G$40:$G$102,$A39),-1),999999)),IF(COUNTIF($H$40:$H$102,$A39)=0,999999,IFERROR(WORKDAY(_xlfn.MINIFS($M$40:$M$102,$H$40:$H$102,$A39),-1),999999))))) | O39: =IF($A39="","",NETWORKDAYS($K39,$M39)-1) | P39: =IF($A39="","",IF($O39<=0,"クリティカル","")) | Q39: =IF($A39="","",IF(AND($J39<>"完了",TODAY()>$L39),"遅延","")) | R39: =IF($A39="","",_xlfn.TEXTJOIN(", ",TRUE(),IF($F39="","",IF(IFERROR(INDEX($J$3:$J$102,MATCH($F39,$A$3:$A$102,0)),"")<>"完了",IFERROR(INDEX($C$3:$C$102,MATCH($F39,$A$3:$A$102,0)),""),"")),IF($G39="","",IF(IFERROR(INDEX($J$3:$J$102,MATCH($G39,$A$3:$A$102,0)),"")<>"完了",IFERROR(INDEX($C$3:$C$102,MATCH($G39,$A$3:$A$102,0)),""),"")),IF($H39="","",IF(IFERROR(INDEX($J$3:$J$102,MATCH($H39,$A$3:$A$102,0)),"")<>"完了",IFERROR(INDEX($C$3:$C$102,MATCH($H39,$A$3:$A$102,0)),""),"")))) | S39: =IF($A39="","",IF($J39<>"完了",1,0))
K40: =IF($A40="","",IF(AND($F40="",$G40="",$H40=""),設定!$B$2,MAX(IF($F40="",0,IFERROR(WORKDAY(INDEX($L$3:$L$39,MATCH($F40,$A$3:$A$39,0)),1),0)),IF($G40="",0,IFERROR(WORKDAY(INDEX($L$3:$L$39,MATCH($G40,$A$3:$A$39,0)),1),0)),IF($H40="",0,IFERROR(WORKDAY(INDEX($L$3:$L$39,MATCH($H40,$A$3:$A$39,0)),1),0))))) | L40: =IF($A40="","",WORKDAY($K40,$I40-1)) | M40: =IF($A40="","",WORKDAY($N40,-($I40-1))) | N40: =IF($A40="","",IF(COUNTIF($F$41:$F$102,$A40)+COUNTIF($G$41:$G$102,$A40)+COUNTIF($H$41:$H$102,$A40)=0,設定!$B$3,MIN(IF(COUNTIF($F$41:$F$102,$A40)=0,999999,IFERROR(WORKDAY(_xlfn.MINIFS($M$41:$M$102,$F$41:$F$102,$A40),-1),999999)),IF(COUNTIF($G$41:$G$102,$A40)=0,999999,IFERROR(WORKDAY(_xlfn.MINIFS($M$41:$M$102,$G$41:$G$102,$A40),-1),999999)),IF(COUNTIF($H$41:$H$102,$A40)=0,999999,IFERROR(WORKDAY(_xlfn.MINIFS($M$41:$M$102,$H$41:$H$102,$A40),-1),999999))))) | O40: =IF($A40="","",NETWORKDAYS($K40,$M40)-1) | P40: =IF($A40="","",IF($O40<=0,"クリティカル","")) | Q40: =IF($A40="","",IF(AND($J40<>"完了",TODAY()>$L40),"遅延","")) | R40: =IF($A40="","",_xlfn.TEXTJOIN(", ",TRUE(),IF($F40="","",IF(IFERROR(INDEX($J$3:$J$102,MATCH($F40,$A$3:$A$102,0)),"")<>"完了",IFERROR(INDEX($C$3:$C$102,MATCH($F40,$A$3:$A$102,0)),""),"")),IF($G40="","",IF(IFERROR(INDEX($J$3:$J$102,MATCH($G40,$A$3:$A$102,0)),"")<>"完了",IFERROR(INDEX($C$3:$C$102,MATCH($G40,$A$3:$A$102,0)),""),"")),IF($H40="","",IF(IFERROR(INDEX($J$3:$J$102,MATCH($H40,$A$3:$A$102,0)),"")<>"完了",IFERROR(INDEX($C$3:$C$102,MATCH($H40,$A$3:$A$102,0)),""),"")))) | S40: =IF($A40="","",IF($J40<>"完了",1,0))
K41: =IF($A41="","",IF(AND($F41="",$G41="",$H41=""),設定!$B$2,MAX(IF($F41="",0,IFERROR(WORKDAY(INDEX($L$3:$L$40,MATCH($F41,$A$3:$A$40,0)),1),0)),IF($G41="",0,IFERROR(WORKDAY(INDEX($L$3:$L$40,MATCH($G41,$A$3:$A$40,0)),1),0)),IF($H41="",0,IFERROR(WORKDAY(INDEX($L$3:$L$40,MATCH($H41,$A$3:$A$40,0)),1),0))))) | L41: =IF($A41="","",WORKDAY($K41,$I41-1)) | M41: =IF($A41="","",WORKDAY($N41,-($I41-1))) | N41: =IF($A41="","",IF(COUNTIF($F$42:$F$102,$A41)+COUNTIF($G$42:$G$102,$A41)+COUNTIF($H$42:$H$102,$A41)=0,設定!$B$3,MIN(IF(COUNTIF($F$42:$F$102,$A41)=0,999999,IFERROR(WORKDAY(_xlfn.MINIFS($M$42:$M$102,$F$42:$F$102,$A41),-1),999999)),IF(COUNTIF($G$42:$G$102,$A41)=0,999999,IFERROR(WORKDAY(_xlfn.MINIFS($M$42:$M$102,$G$42:$G$102,$A41),-1),999999)),IF(COUNTIF($H$42:$H$102,$A41)=0,999999,IFERROR(WORKDAY(_xlfn.MINIFS($M$42:$M$102,$H$42:$H$102,$A41),-1),999999))))) | O41: =IF($A41="","",NETWORKDAYS($K41,$M41)-1) | P41: =IF($A41="","",IF($O41<=0,"クリティカル","")) | Q41: =IF($A41="","",IF(AND($J41<>"完了",TODAY()>$L41),"遅延","")) | R41: =IF($A41="","",_xlfn.TEXTJOIN(", ",TRUE(),IF($F41="","",IF(IFERROR(INDEX($J$3:$J$102,MATCH($F41,$A$3:$A$102,0)),"")<>"完了",IFERROR(INDEX($C$3:$C$102,MATCH($F41,$A$3:$A$102,0)),""),"")),IF($G41="","",IF(IFERROR(INDEX($J$3:$J$102,MATCH($G41,$A$3:$A$102,0)),"")<>"完了",IFERROR(INDEX($C$3:$C$102,MATCH($G41,$A$3:$A$102,0)),""),"")),IF($H41="","",IF(IFERROR(INDEX($J$3:$J$102,MATCH($H41,$A$3:$A$102,0)),"")<>"完了",IFERROR(INDEX($C$3:$C$102,MATCH($H41,$A$3:$A$102,0)),""),"")))) | S41: =IF($A41="","",IF($J41<>"完了",1,0))
K42: =IF($A42="","",IF(AND($F42="",$G42="",$H42=""),設定!$B$2,MAX(IF($F42="",0,IFERROR(WORKDAY(INDEX($L$3:$L$41,MATCH($F42,$A$3:$A$41,0)),1),0)),IF($G42="",0,IFERROR(WORKDAY(INDEX($L$3:$L$41,MATCH($G42,$A$3:$A$41,0)),1),0)),IF($H42="",0,IFERROR(WORKDAY(INDEX($L$3:$L$41,MATCH($H42,$A$3:$A$41,0)),1),0))))) | L42: =IF($A42="","",WORKDAY($K42,$I42-1)) | M42: =IF($A42="","",WORKDAY($N42,-($I42-1))) | N42: =IF($A42="","",IF(COUNTIF($F$43:$F$102,$A42)+COUNTIF($G$43:$G$102,$A42)+COUNTIF($H$43:$H$102,$A42)=0,設定!$B$3,MIN(IF(COUNTIF($F$43:$F$102,$A42)=0,999999,IFERROR(WORKDAY(_xlfn.MINIFS($M$43:$M$102,$F$43:$F$102,$A42),-1),999999)),IF(COUNTIF($G$43:$G$102,$A42)=0,999999,IFERROR(WORKDAY(_xlfn.MINIFS($M$43:$M$102,$G$43:$G$102,$A42),-1),999999)),IF(COUNTIF($H$43:$H$102,$A42)=0,999999,IFERROR(WORKDAY(_xlfn.MINIFS($M$43:$M$102,$H$43:$H$102,$A42),-1),999999))))) | O42: =IF($A42="","",NETWORKDAYS($K42,$M42)-1) | P42: =IF($A42="","",IF($O42<=0,"クリティカル","")) | Q42: =IF($A42="","",IF(AND($J42<>"完了",TODAY()>$L42),"遅延","")) | R42: =IF($A42="","",_xlfn.TEXTJOIN(", ",TRUE(),IF($F42="","",IF(IFERROR(INDEX($J$3:$J$102,MATCH($F42,$A$3:$A$102,0)),"")<>"完了",IFERROR(INDEX($C$3:$C$102,MATCH($F42,$A$3:$A$102,0)),""),"")),IF($G42="","",IF(IFERROR(INDEX($J$3:$J$102,MATCH($G42,$A$3:$A$102,0)),"")<>"完了",IFERROR(INDEX($C$3:$C$102,MATCH($G42,$A$3:$A$102,0)),""),"")),IF($H42="","",IF(IFERROR(INDEX($J$3:$J$102,MATCH($H42,$A$3:$A$102,0)),"")<>"完了",IFERROR(INDEX($C$3:$C$102,MATCH($H42,$A$3:$A$102,0)),""),"")))) | S42: =IF($A42="","",IF($J42<>"完了",1,0))
K43: =IF($A43="","",IF(AND($F43="",$G43="",$H43=""),設定!$B$2,MAX(IF($F43="",0,IFERROR(WORKDAY(INDEX($L$3:$L$42,MATCH($F43,$A$3:$A$42,0)),1),0)),IF($G43="",0,IFERROR(WORKDAY(INDEX($L$3:$L$42,MATCH($G43,$A$3:$A$42,0)),1),0)),IF($H43="",0,IFERROR(WORKDAY(INDEX($L$3:$L$42,MATCH($H43,$A$3:$A$42,0)),1),0))))) | L43: =IF($A43="","",WORKDAY($K43,$I43-1)) | M43: =IF($A43="","",WORKDAY($N43,-($I43-1))) | N43: =IF($A43="","",IF(COUNTIF($F$44:$F$102,$A43)+COUNTIF($G$44:$G$102,$A43)+COUNTIF($H$44:$H$102,$A43)=0,設定!$B$3,MIN(IF(COUNTIF($F$44:$F$102,$A43)=0,999999,IFERROR(WORKDAY(_xlfn.MINIFS($M$44:$M$102,$F$44:$F$102,$A43),-1),999999)),IF(COUNTIF($G$44:$G$102,$A43)=0,999999,IFERROR(WORKDAY(_xlfn.MINIFS($M$44:$M$102,$G$44:$G$102,$A43),-1),999999)),IF(COUNTIF($H$44:$H$102,$A43)=0,999999,IFERROR(WORKDAY(_xlfn.MINIFS($M$44:$M$102,$H$44:$H$102,$A43),-1),999999))))) | O43: =IF($A43="","",NETWORKDAYS($K43,$M43)-1) | P43: =IF($A43="","",IF($O43<=0,"クリティカル","")) | Q43: =IF($A43="","",IF(AND($J43<>"完了",TODAY()>$L43),"遅延","")) | R43: =IF($A43="","",_xlfn.TEXTJOIN(", ",TRUE(),IF($F43="","",IF(IFERROR(INDEX($J$3:$J$102,MATCH($F43,$A$3:$A$102,0)),"")<>"完了",IFERROR(INDEX($C$3:$C$102,MATCH($F43,$A$3:$A$102,0)),""),"")),IF($G43="","",IF(IFERROR(INDEX($J$3:$J$102,MATCH($G43,$A$3:$A$102,0)),"")<>"完了",IFERROR(INDEX($C$3:$C$102,MATCH($G43,$A$3:$A$102,0)),""),"")),IF($H43="","",IF(IFERROR(INDEX($J$3:$J$102,MATCH($H43,$A$3:$A$102,0)),"")<>"完了",IFERROR(INDEX($C$3:$C$102,MATCH($H43,$A$3:$A$102,0)),""),"")))) | S43: =IF($A43="","",IF($J43<>"完了",1,0))
K44: =IF($A44="","",IF(AND($F44="",$G44="",$H44=""),設定!$B$2,MAX(IF($F44="",0,IFERROR(WORKDAY(INDEX($L$3:$L$43,MATCH($F44,$A$3:$A$43,0)),1),0)),IF($G44="",0,IFERROR(WORKDAY(INDEX($L$3:$L$43,MATCH($G44,$A$3:$A$43,0)),1),0)),IF($H44="",0,IFERROR(WORKDAY(INDEX($L$3:$L$43,MATCH($H44,$A$3:$A$43,0)),1),0))))) | L44: =IF($A44="","",WORKDAY($K44,$I44-1)) | M44: =IF($A44="","",WORKDAY($N44,-($I44-1))) | N44: =IF($A44="","",IF(COUNTIF($F$45:$F$102,$A44)+COUNTIF($G$45:$G$102,$A44)+COUNTIF($H$45:$H$102,$A44)=0,設定!$B$3,MIN(IF(COUNTIF($F$45:$F$102,$A44)=0,999999,IFERROR(WORKDAY(_xlfn.MINIFS($M$45:$M$102,$F$45:$F$102,$A44),-1),999999)),IF(COUNTIF($G$45:$G$102,$A44)=0,999999,IFERROR(WORKDAY(_xlfn.MINIFS($M$45:$M$102,$G$45:$G$102,$A44),-1),999999)),IF(COUNTIF($H$45:$H$102,$A44)=0,999999,IFERROR(WORKDAY(_xlfn.MINIFS($M$45:$M$102,$H$45:$H$102,$A44),-1),999999))))) | O44: =IF($A44="","",NETWORKDAYS($K44,$M44)-1) | P44: =IF($A44="","",IF($O44<=0,"クリティカル","")) | Q44: =IF($A44="","",IF(AND($J44<>"完了",TODAY()>$L44),"遅延","")) | R44: =IF($A44="","",_xlfn.TEXTJOIN(", ",TRUE(),IF($F44="","",IF(IFERROR(INDEX($J$3:$J$102,MATCH($F44,$A$3:$A$102,0)),"")<>"完了",IFERROR(INDEX($C$3:$C$102,MATCH($F44,$A$3:$A$102,0)),""),"")),IF($G44="","",IF(IFERROR(INDEX($J$3:$J$102,MATCH($G44,$A$3:$A$102,0)),"")<>"完了",IFERROR(INDEX($C$3:$C$102,MATCH($G44,$A$3:$A$102,0)),""),"")),IF($H44="","",IF(IFERROR(INDEX($J$3:$J$102,MATCH($H44,$A$3:$A$102,0)),"")<>"完了",IFERROR(INDEX($C$3:$C$102,MATCH($H44,$A$3:$A$102,0)),""),"")))) | S44: =IF($A44="","",IF($J44<>"完了",1,0))
K45: =IF($A45="","",IF(AND($F45="",$G45="",$H45=""),設定!$B$2,MAX(IF($F45="",0,IFERROR(WORKDAY(INDEX($L$3:$L$44,MATCH($F45,$A$3:$A$44,0)),1),0)),IF($G45="",0,IFERROR(WORKDAY(INDEX($L$3:$L$44,MATCH($G45,$A$3:$A$44,0)),1),0)),IF($H45="",0,IFERROR(WORKDAY(INDEX($L$3:$L$44,MATCH($H45,$A$3:$A$44,0)),1),0))))) | L45: =IF($A45="","",WORKDAY($K45,$I45-1)) | M45: =IF($A45="","",WORKDAY($N45,-($I45-1))) | N45: =IF($A45="","",IF(COUNTIF($F$46:$F$102,$A45)+COUNTIF($G$46:$G$102,$A45)+COUNTIF($H$46:$H$102,$A45)=0,設定!$B$3,MIN(IF(COUNTIF($F$46:$F$102,$A45)=0,999999,IFERROR(WORKDAY(_xlfn.MINIFS($M$46:$M$102,$F$46:$F$102,$A45),-1),999999)),IF(COUNTIF($G$46:$G$102,$A45)=0,999999,IFERROR(WORKDAY(_xlfn.MINIFS($M$46:$M$102,$G$46:$G$102,$A45),-1),999999)),IF(COUNTIF($H$46:$H$102,$A45)=0,999999,IFERROR(WORKDAY(_xlfn.MINIFS($M$46:$M$102,$H$46:$H$102,$A45),-1),999999))))) | O45: =IF($A45="","",NETWORKDAYS($K45,$M45)-1) | P45: =IF($A45="","",IF($O45<=0,"クリティカル","")) | Q45: =IF($A45="","",IF(AND($J45<>"完了",TODAY()>$L45),"遅延","")) | R45: =IF($A45="","",_xlfn.TEXTJOIN(", ",TRUE(),IF($F45="","",IF(IFERROR(INDEX($J$3:$J$102,MATCH($F45,$A$3:$A$102,0)),"")<>"完了",IFERROR(INDEX($C$3:$C$102,MATCH($F45,$A$3:$A$102,0)),""),"")),IF($G45="","",IF(IFERROR(INDEX($J$3:$J$102,MATCH($G45,$A$3:$A$102,0)),"")<>"完了",IFERROR(INDEX($C$3:$C$102,MATCH($G45,$A$3:$A$102,0)),""),"")),IF($H45="","",IF(IFERROR(INDEX($J$3:$J$102,MATCH($H45,$A$3:$A$102,0)),"")<>"完了",IFERROR(INDEX($C$3:$C$102,MATCH($H45,$A$3:$A$102,0)),""),"")))) | S45: =IF($A45="","",IF($J45<>"完了",1,0))
K46: =IF($A46="","",IF(AND($F46="",$G46="",$H46=""),設定!$B$2,MAX(IF($F46="",0,IFERROR(WORKDAY(INDEX($L$3:$L$45,MATCH($F46,$A$3:$A$45,0)),1),0)),IF($G46="",0,IFERROR(WORKDAY(INDEX($L$3:$L$45,MATCH($G46,$A$3:$A$45,0)),1),0)),IF($H46="",0,IFERROR(WORKDAY(INDEX($L$3:$L$45,MATCH($H46,$A$3:$A$45,0)),1),0))))) | L46: =IF($A46="","",WORKDAY($K46,$I46-1)) | M46: =IF($A46="","",WORKDAY($N46,-($I46-1))) | N46: =IF($A46="","",IF(COUNTIF($F$47:$F$102,$A46)+COUNTIF($G$47:$G$102,$A46)+COUNTIF($H$47:$H$102,$A46)=0,設定!$B$3,MIN(IF(COUNTIF($F$47:$F$102,$A46)=0,999999,IFERROR(WORKDAY(_xlfn.MINIFS($M$47:$M$102,$F$47:$F$102,$A46),-1),999999)),IF(COUNTIF($G$47:$G$102,$A46)=0,999999,IFERROR(WORKDAY(_xlfn.MINIFS($M$47:$M$102,$G$47:$G$102,$A46),-1),999999)),IF(COUNTIF($H$47:$H$102,$A46)=0,999999,IFERROR(WORKDAY(_xlfn.MINIFS($M$47:$M$102,$H$47:$H$102,$A46),-1),999999))))) | O46: =IF($A46="","",NETWORKDAYS($K46,$M46)-1) | P46: =IF($A46="","",IF($O46<=0,"クリティカル","")) | Q46: =IF($A46="","",IF(AND($J46<>"完了",TODAY()>$L46),"遅延","")) | R46: =IF($A46="","",_xlfn.TEXTJOIN(", ",TRUE(),IF($F46="","",IF(IFERROR(INDEX($J$3:$J$102,MATCH($F46,$A$3:$A$102,0)),"")<>"完了",IFERROR(INDEX($C$3:$C$102,MATCH($F46,$A$3:$A$102,0)),""),"")),IF($G46="","",IF(IFERROR(INDEX($J$3:$J$102,MATCH($G46,$A$3:$A$102,0)),"")<>"完了",IFERROR(INDEX($C$3:$C$102,MATCH($G46,$A$3:$A$102,0)),""),"")),IF($H46="","",IF(IFERROR(INDEX($J$3:$J$102,MATCH($H46,$A$3:$A$102,0)),"")<>"完了",IFERROR(INDEX($C$3:$C$102,MATCH($H46,$A$3:$A$102,0)),""),"")))) | S46: =IF($A46="","",IF($J46<>"完了",1,0))
K47: =IF($A47="","",IF(AND($F47="",$G47="",$H47=""),設定!$B$2,MAX(IF($F47="",0,IFERROR(WORKDAY(INDEX($L$3:$L$46,MATCH($F47,$A$3:$A$46,0)),1),0)),IF($G47="",0,IFERROR(WORKDAY(INDEX($L$3:$L$46,MATCH($G47,$A$3:$A$46,0)),1),0)),IF($H47="",0,IFERROR(WORKDAY(INDEX($L$3:$L$46,MATCH($H47,$A$3:$A$46,0)),1),0))))) | L47: =IF($A47="","",WORKDAY($K47,$I47-1)) | M47: =IF($A47="","",WORKDAY($N47,-($I47-1))) | N47: =IF($A47="","",IF(COUNTIF($F$48:$F$102,$A47)+COUNTIF($G$48:$G$102,$A47)+COUNTIF($H$48:$H$102,$A47)=0,設定!$B$3,MIN(IF(COUNTIF($F$48:$F$102,$A47)=0,999999,IFERROR(WORKDAY(_xlfn.MINIFS($M$48:$M$102,$F$48:$F$102,$A47),-1),999999)),IF(COUNTIF($G$48:$G$102,$A47)=0,999999,IFERROR(WORKDAY(_xlfn.MINIFS($M$48:$M$102,$G$48:$G$102,$A47),-1),999999)),IF(COUNTIF($H$48:$H$102,$A47)=0,999999,IFERROR(WORKDAY(_xlfn.MINIFS($M$48:$M$102,$H$48:$H$102,$A47),-1),999999))))) | O47: =IF($A47="","",NETWORKDAYS($K47,$M47)-1) | P47: =IF($A47="","",IF($O47<=0,"クリティカル","")) | Q47: =IF($A47="","",IF(AND($J47<>"完了",TODAY()>$L47),"遅延","")) | R47: =IF($A47="","",_xlfn.TEXTJOIN(", ",TRUE(),IF($F47="","",IF(IFERROR(INDEX($J$3:$J$102,MATCH($F47,$A$3:$A$102,0)),"")<>"完了",IFERROR(INDEX($C$3:$C$102,MATCH($F47,$A$3:$A$102,0)),""),"")),IF($G47="","",IF(IFERROR(INDEX($J$3:$J$102,MATCH($G47,$A$3:$A$102,0)),"")<>"完了",IFERROR(INDEX($C$3:$C$102,MATCH($G47,$A$3:$A$102,0)),""),"")),IF($H47="","",IF(IFERROR(INDEX($J$3:$J$102,MATCH($H47,$A$3:$A$102,0)),"")<>"完了",IFERROR(INDEX($C$3:$C$102,MATCH($H47,$A$3:$A$102,0)),""),"")))) | S47: =IF($A47="","",IF($J47<>"完了",1,0))
K48: =IF($A48="","",IF(AND($F48="",$G48="",$H48=""),設定!$B$2,MAX(IF($F48="",0,IFERROR(WORKDAY(INDEX($L$3:$L$47,MATCH($F48,$A$3:$A$47,0)),1),0)),IF($G48="",0,IFERROR(WORKDAY(INDEX($L$3:$L$47,MATCH($G48,$A$3:$A$47,0)),1),0)),IF($H48="",0,IFERROR(WORKDAY(INDEX($L$3:$L$47,MATCH($H48,$A$3:$A$47,0)),1),0))))) | L48: =IF($A48="","",WORKDAY($K48,$I48-1)) | M48: =IF($A48="","",WORKDAY($N48,-($I48-1))) | N48: =IF($A48="","",IF(COUNTIF($F$49:$F$102,$A48)+COUNTIF($G$49:$G$102,$A48)+COUNTIF($H$49:$H$102,$A48)=0,設定!$B$3,MIN(IF(COUNTIF($F$49:$F$102,$A48)=0,999999,IFERROR(WORKDAY(_xlfn.MINIFS($M$49:$M$102,$F$49:$F$102,$A48),-1),999999)),IF(COUNTIF($G$49:$G$102,$A48)=0,999999,IFERROR(WORKDAY(_xlfn.MINIFS($M$49:$M$102,$G$49:$G$102,$A48),-1),999999)),IF(COUNTIF($H$49:$H$102,$A48)=0,999999,IFERROR(WORKDAY(_xlfn.MINIFS($M$49:$M$102,$H$49:$H$102,$A48),-1),999999))))) | O48: =IF($A48="","",NETWORKDAYS($K48,$M48)-1) | P48: =IF($A48="","",IF($O48<=0,"クリティカル","")) | Q48: =IF($A48="","",IF(AND($J48<>"完了",TODAY()>$L48),"遅延","")) | R48: =IF($A48="","",_xlfn.TEXTJOIN(", ",TRUE(),IF($F48="","",IF(IFERROR(INDEX($J$3:$J$102,MATCH($F48,$A$3:$A$102,0)),"")<>"完了",IFERROR(INDEX($C$3:$C$102,MATCH($F48,$A$3:$A$102,0)),""),"")),IF($G48="","",IF(IFERROR(INDEX($J$3:$J$102,MATCH($G48,$A$3:$A$102,0)),"")<>"完了",IFERROR(INDEX($C$3:$C$102,MATCH($G48,$A$3:$A$102,0)),""),"")),IF($H48="","",IF(IFERROR(INDEX($J$3:$J$102,MATCH($H48,$A$3:$A$102,0)),"")<>"完了",IFERROR(INDEX($C$3:$C$102,MATCH($H48,$A$3:$A$102,0)),""),"")))) | S48: =IF($A48="","",IF($J48<>"完了",1,0))
K49: =IF($A49="","",IF(AND($F49="",$G49="",$H49=""),設定!$B$2,MAX(IF($F49="",0,IFERROR(WORKDAY(INDEX($L$3:$L$48,MATCH($F49,$A$3:$A$48,0)),1),0)),IF($G49="",0,IFERROR(WORKDAY(INDEX($L$3:$L$48,MATCH($G49,$A$3:$A$48,0)),1),0)),IF($H49="",0,IFERROR(WORKDAY(INDEX($L$3:$L$48,MATCH($H49,$A$3:$A$48,0)),1),0))))) | L49: =IF($A49="","",WORKDAY($K49,$I49-1)) | M49: =IF($A49="","",WORKDAY($N49,-($I49-1))) | N49: =IF($A49="","",IF(COUNTIF($F$50:$F$102,$A49)+COUNTIF($G$50:$G$102,$A49)+COUNTIF($H$50:$H$102,$A49)=0,設定!$B$3,MIN(IF(COUNTIF($F$50:$F$102,$A49)=0,999999,IFERROR(WORKDAY(_xlfn.MINIFS($M$50:$M$102,$F$50:$F$102,$A49),-1),999999)),IF(COUNTIF($G$50:$G$102,$A49)=0,999999,IFERROR(WORKDAY(_xlfn.MINIFS($M$50:$M$102,$G$50:$G$102,$A49),-1),999999)),IF(COUNTIF($H$50:$H$102,$A49)=0,999999,IFERROR(WORKDAY(_xlfn.MINIFS($M$50:$M$102,$H$50:$H$102,$A49),-1),999999))))) | O49: =IF($A49="","",NETWORKDAYS($K49,$M49)-1) | P49: =IF($A49="","",IF($O49<=0,"クリティカル","")) | Q49: =IF($A49="","",IF(AND($J49<>"完了",TODAY()>$L49),"遅延","")) | R49: =IF($A49="","",_xlfn.TEXTJOIN(", ",TRUE(),IF($F49="","",IF(IFERROR(INDEX($J$3:$J$102,MATCH($F49,$A$3:$A$102,0)),"")<>"完了",IFERROR(INDEX($C$3:$C$102,MATCH($F49,$A$3:$A$102,0)),""),"")),IF($G49="","",IF(IFERROR(INDEX($J$3:$J$102,MATCH($G49,$A$3:$A$102,0)),"")<>"完了",IFERROR(INDEX($C$3:$C$102,MATCH($G49,$A$3:$A$102,0)),""),"")),IF($H49="","",IF(IFERROR(INDEX($J$3:$J$102,MATCH($H49,$A$3:$A$102,0)),"")<>"完了",IFERROR(INDEX($C$3:$C$102,MATCH($H49,$A$3:$A$102,0)),""),"")))) | S49: =IF($A49="","",IF($J49<>"完了",1,0))
K50: =IF($A50="","",IF(AND($F50="",$G50="",$H50=""),設定!$B$2,MAX(IF($F50="",0,IFERROR(WORKDAY(INDEX($L$3:$L$49,MATCH($F50,$A$3:$A$49,0)),1),0)),IF($G50="",0,IFERROR(WORKDAY(INDEX($L$3:$L$49,MATCH($G50,$A$3:$A$49,0)),1),0)),IF($H50="",0,IFERROR(WORKDAY(INDEX($L$3:$L$49,MATCH($H50,$A$3:$A$49,0)),1),0))))) | L50: =IF($A50="","",WORKDAY($K50,$I50-1)) | M50: =IF($A50="","",WORKDAY($N50,-($I50-1))) | N50: =IF($A50="","",IF(COUNTIF($F$51:$F$102,$A50)+COUNTIF($G$51:$G$102,$A50)+COUNTIF($H$51:$H$102,$A50)=0,設定!$B$3,MIN(IF(COUNTIF($F$51:$F$102,$A50)=0,999999,IFERROR(WORKDAY(_xlfn.MINIFS($M$51:$M$102,$F$51:$F$102,$A50),-1),999999)),IF(COUNTIF($G$51:$G$102,$A50)=0,999999,IFERROR(WORKDAY(_xlfn.MINIFS($M$51:$M$102,$G$51:$G$102,$A50),-1),999999)),IF(COUNTIF($H$51:$H$102,$A50)=0,999999,IFERROR(WORKDAY(_xlfn.MINIFS($M$51:$M$102,$H$51:$H$102,$A50),-1),999999))))) | O50: =IF($A50="","",NETWORKDAYS($K50,$M50)-1) | P50: =IF($A50="","",IF($O50<=0,"クリティカル","")) | Q50: =IF($A50="","",IF(AND($J50<>"完了",TODAY()>$L50),"遅延","")) | R50: =IF($A50="","",_xlfn.TEXTJOIN(", ",TRUE(),IF($F50="","",IF(IFERROR(INDEX($J$3:$J$102,MATCH($F50,$A$3:$A$102,0)),"")<>"完了",IFERROR(INDEX($C$3:$C$102,MATCH($F50,$A$3:$A$102,0)),""),"")),IF($G50="","",IF(IFERROR(INDEX($J$3:$J$102,MATCH($G50,$A$3:$A$102,0)),"")<>"完了",IFERROR(INDEX($C$3:$C$102,MATCH($G50,$A$3:$A$102,0)),""),"")),IF($H50="","",IF(IFERROR(INDEX($J$3:$J$102,MATCH($H50,$A$3:$A$102,0)),"")<>"完了",IFERROR(INDEX($C$3:$C$102,MATCH($H50,$A$3:$A$102,0)),""),"")))) | S50: =IF($A50="","",IF($J50<>"完了",1,0))
K51: =IF($A51="","",IF(AND($F51="",$G51="",$H51=""),設定!$B$2,MAX(IF($F51="",0,IFERROR(WORKDAY(INDEX($L$3:$L$50,MATCH($F51,$A$3:$A$50,0)),1),0)),IF($G51="",0,IFERROR(WORKDAY(INDEX($L$3:$L$50,MATCH($G51,$A$3:$A$50,0)),1),0)),IF($H51="",0,IFERROR(WORKDAY(INDEX($L$3:$L$50,MATCH($H51,$A$3:$A$50,0)),1),0))))) | L51: =IF($A51="","",WORKDAY($K51,$I51-1)) | M51: =IF($A51="","",WORKDAY($N51,-($I51-1))) | N51: =IF($A51="","",IF(COUNTIF($F$52:$F$102,$A51)+COUNTIF($G$52:$G$102,$A51)+COUNTIF($H$52:$H$102,$A51)=0,設定!$B$3,MIN(IF(COUNTIF($F$52:$F$102,$A51)=0,999999,IFERROR(WORKDAY(_xlfn.MINIFS($M$52:$M$102,$F$52:$F$102,$A51),-1),999999)),IF(COUNTIF($G$52:$G$102,$A51)=0,999999,IFERROR(WORKDAY(_xlfn.MINIFS($M$52:$M$102,$G$52:$G$102,$A51),-1),999999)),IF(COUNTIF($H$52:$H$102,$A51)=0,999999,IFERROR(WORKDAY(_xlfn.MINIFS($M$52:$M$102,$H$52:$H$102,$A51),-1),999999))))) | O51: =IF($A51="","",NETWORKDAYS($K51,$M51)-1) | P51: =IF($A51="","",IF($O51<=0,"クリティカル","")) | Q51: =IF($A51="","",IF(AND($J51<>"完了",TODAY()>$L51),"遅延","")) | R51: =IF($A51="","",_xlfn.TEXTJOIN(", ",TRUE(),IF($F51="","",IF(IFERROR(INDEX($J$3:$J$102,MATCH($F51,$A$3:$A$102,0)),"")<>"完了",IFERROR(INDEX($C$3:$C$102,MATCH($F51,$A$3:$A$102,0)),""),"")),IF($G51="","",IF(IFERROR(INDEX($J$3:$J$102,MATCH($G51,$A$3:$A$102,0)),"")<>"完了",IFERROR(INDEX($C$3:$C$102,MATCH($G51,$A$3:$A$102,0)),""),"")),IF($H51="","",IF(IFERROR(INDEX($J$3:$J$102,MATCH($H51,$A$3:$A$102,0)),"")<>"完了",IFERROR(INDEX($C$3:$C$102,MATCH($H51,$A$3:$A$102,0)),""),"")))) | S51: =IF($A51="","",IF($J51<>"完了",1,0))
K52: =IF($A52="","",IF(AND($F52="",$G52="",$H52=""),設定!$B$2,MAX(IF($F52="",0,IFERROR(WORKDAY(INDEX($L$3:$L$51,MATCH($F52,$A$3:$A$51,0)),1),0)),IF($G52="",0,IFERROR(WORKDAY(INDEX($L$3:$L$51,MATCH($G52,$A$3:$A$51,0)),1),0)),IF($H52="",0,IFERROR(WORKDAY(INDEX($L$3:$L$51,MATCH($H52,$A$3:$A$51,0)),1),0))))) | L52: =IF($A52="","",WORKDAY($K52,$I52-1)) | M52: =IF($A52="","",WORKDAY($N52,-($I52-1))) | N52: =IF($A52="","",IF(COUNTIF($F$53:$F$102,$A52)+COUNTIF($G$53:$G$102,$A52)+COUNTIF($H$53:$H$102,$A52)=0,設定!$B$3,MIN(IF(COUNTIF($F$53:$F$102,$A52)=0,999999,IFERROR(WORKDAY(_xlfn.MINIFS($M$53:$M$102,$F$53:$F$102,$A52),-1),999999)),IF(COUNTIF($G$53:$G$102,$A52)=0,999999,IFERROR(WORKDAY(_xlfn.MINIFS($M$53:$M$102,$G$53:$G$102,$A52),-1),999999)),IF(COUNTIF($H$53:$H$102,$A52)=0,999999,IFERROR(WORKDAY(_xlfn.MINIFS($M$53:$M$102,$H$53:$H$102,$A52),-1),999999))))) | O52: =IF($A52="","",NETWORKDAYS($K52,$M52)-1) | P52: =IF($A52="","",IF($O52<=0,"クリティカル","")) | Q52: =IF($A52="","",IF(AND($J52<>"完了",TODAY()>$L52),"遅延","")) | R52: =IF($A52="","",_xlfn.TEXTJOIN(", ",TRUE(),IF($F52="","",IF(IFERROR(INDEX($J$3:$J$102,MATCH($F52,$A$3:$A$102,0)),"")<>"完了",IFERROR(INDEX($C$3:$C$102,MATCH($F52,$A$3:$A$102,0)),""),"")),IF($G52="","",IF(IFERROR(INDEX($J$3:$J$102,MATCH($G52,$A$3:$A$102,0)),"")<>"完了",IFERROR(INDEX($C$3:$C$102,MATCH($G52,$A$3:$A$102,0)),""),"")),IF($H52="","",IF(IFERROR(INDEX($J$3:$J$102,MATCH($H52,$A$3:$A$102,0)),"")<>"完了",IFERROR(INDEX($C$3:$C$102,MATCH($H52,$A$3:$A$102,0)),""),"")))) | S52: =IF($A52="","",IF($J52<>"完了",1,0))
K53: =IF($A53="","",IF(AND($F53="",$G53="",$H53=""),設定!$B$2,MAX(IF($F53="",0,IFERROR(WORKDAY(INDEX($L$3:$L$52,MATCH($F53,$A$3:$A$52,0)),1),0)),IF($G53="",0,IFERROR(WORKDAY(INDEX($L$3:$L$52,MATCH($G53,$A$3:$A$52,0)),1),0)),IF($H53="",0,IFERROR(WORKDAY(INDEX($L$3:$L$52,MATCH($H53,$A$3:$A$52,0)),1),0))))) | L53: =IF($A53="","",WORKDAY($K53,$I53-1)) | M53: =IF($A53="","",WORKDAY($N53,-($I53-1))) | N53: =IF($A53="","",IF(COUNTIF($F$54:$F$102,$A53)+COUNTIF($G$54:$G$102,$A53)+COUNTIF($H$54:$H$102,$A53)=0,設定!$B$3,MIN(IF(COUNTIF($F$54:$F$102,$A53)=0,999999,IFERROR(WORKDAY(_xlfn.MINIFS($M$54:$M$102,$F$54:$F$102,$A53),-1),999999)),IF(COUNTIF($G$54:$G$102,$A53)=0,999999,IFERROR(WORKDAY(_xlfn.MINIFS($M$54:$M$102,$G$54:$G$102,$A53),-1),999999)),IF(COUNTIF($H$54:$H$102,$A53)=0,999999,IFERROR(WORKDAY(_xlfn.MINIFS($M$54:$M$102,$H$54:$H$102,$A53),-1),999999))))) | O53: =IF($A53="","",NETWORKDAYS($K53,$M53)-1) | P53: =IF($A53="","",IF($O53<=0,"クリティカル","")) | Q53: =IF($A53="","",IF(AND($J53<>"完了",TODAY()>$L53),"遅延","")) | R53: =IF($A53="","",_xlfn.TEXTJOIN(", ",TRUE(),IF($F53="","",IF(IFERROR(INDEX($J$3:$J$102,MATCH($F53,$A$3:$A$102,0)),"")<>"完了",IFERROR(INDEX($C$3:$C$102,MATCH($F53,$A$3:$A$102,0)),""),"")),IF($G53="","",IF(IFERROR(INDEX($J$3:$J$102,MATCH($G53,$A$3:$A$102,0)),"")<>"完了",IFERROR(INDEX($C$3:$C$102,MATCH($G53,$A$3:$A$102,0)),""),"")),IF($H53="","",IF(IFERROR(INDEX($J$3:$J$102,MATCH($H53,$A$3:$A$102,0)),"")<>"完了",IFERROR(INDEX($C$3:$C$102,MATCH($H53,$A$3:$A$102,0)),""),"")))) | S53: =IF($A53="","",IF($J53<>"完了",1,0))
K54: =IF($A54="","",IF(AND($F54="",$G54="",$H54=""),設定!$B$2,MAX(IF($F54="",0,IFERROR(WORKDAY(INDEX($L$3:$L$53,MATCH($F54,$A$3:$A$53,0)),1),0)),IF($G54="",0,IFERROR(WORKDAY(INDEX($L$3:$L$53,MATCH($G54,$A$3:$A$53,0)),1),0)),IF($H54="",0,IFERROR(WORKDAY(INDEX($L$3:$L$53,MATCH($H54,$A$3:$A$53,0)),1),0))))) | L54: =IF($A54="","",WORKDAY($K54,$I54-1)) | M54: =IF($A54="","",WORKDAY($N54,-($I54-1))) | N54: =IF($A54="","",IF(COUNTIF($F$55:$F$102,$A54)+COUNTIF($G$55:$G$102,$A54)+COUNTIF($H$55:$H$102,$A54)=0,設定!$B$3,MIN(IF(COUNTIF($F$55:$F$102,$A54)=0,999999,IFERROR(WORKDAY(_xlfn.MINIFS($M$55:$M$102,$F$55:$F$102,$A54),-1),999999)),IF(COUNTIF($G$55:$G$102,$A54)=0,999999,IFERROR(WORKDAY(_xlfn.MINIFS($M$55:$M$102,$G$55:$G$102,$A54),-1),999999)),IF(COUNTIF($H$55:$H$102,$A54)=0,999999,IFERROR(WORKDAY(_xlfn.MINIFS($M$55:$M$102,$H$55:$H$102,$A54),-1),999999))))) | O54: =IF($A54="","",NETWORKDAYS($K54,$M54)-1) | P54: =IF($A54="","",IF($O54<=0,"クリティカル","")) | Q54: =IF($A54="","",IF(AND($J54<>"完了",TODAY()>$L54),"遅延","")) | R54: =IF($A54="","",_xlfn.TEXTJOIN(", ",TRUE(),IF($F54="","",IF(IFERROR(INDEX($J$3:$J$102,MATCH($F54,$A$3:$A$102,0)),"")<>"完了",IFERROR(INDEX($C$3:$C$102,MATCH($F54,$A$3:$A$102,0)),""),"")),IF($G54="","",IF(IFERROR(INDEX($J$3:$J$102,MATCH($G54,$A$3:$A$102,0)),"")<>"完了",IFERROR(INDEX($C$3:$C$102,MATCH($G54,$A$3:$A$102,0)),""),"")),IF($H54="","",IF(IFERROR(INDEX($J$3:$J$102,MATCH($H54,$A$3:$A$102,0)),"")<>"完了",IFERROR(INDEX($C$3:$C$102,MATCH($H54,$A$3:$A$102,0)),""),"")))) | S54: =IF($A54="","",IF($J54<>"完了",1,0))
K55: =IF($A55="","",IF(AND($F55="",$G55="",$H55=""),設定!$B$2,MAX(IF($F55="",0,IFERROR(WORKDAY(INDEX($L$3:$L$54,MATCH($F55,$A$3:$A$54,0)),1),0)),IF($G55="",0,IFERROR(WORKDAY(INDEX($L$3:$L$54,MATCH($G55,$A$3:$A$54,0)),1),0)),IF($H55="",0,IFERROR(WORKDAY(INDEX($L$3:$L$54,MATCH($H55,$A$3:$A$54,0)),1),0))))) | L55: =IF($A55="","",WORKDAY($K55,$I55-1)) | M55: =IF($A55="","",WORKDAY($N55,-($I55-1))) | N55: =IF($A55="","",IF(COUNTIF($F$56:$F$102,$A55)+COUNTIF($G$56:$G$102,$A55)+COUNTIF($H$56:$H$102,$A55)=0,設定!$B$3,MIN(IF(COUNTIF($F$56:$F$102,$A55)=0,999999,IFERROR(WORKDAY(_xlfn.MINIFS($M$56:$M$102,$F$56:$F$102,$A55),-1),999999)),IF(COUNTIF($G$56:$G$102,$A55)=0,999999,IFERROR(WORKDAY(_xlfn.MINIFS($M$56:$M$102,$G$56:$G$102,$A55),-1),999999)),IF(COUNTIF($H$56:$H$102,$A55)=0,999999,IFERROR(WORKDAY(_xlfn.MINIFS($M$56:$M$102,$H$56:$H$102,$A55),-1),999999))))) | O55: =IF($A55="","",NETWORKDAYS($K55,$M55)-1) | P55: =IF($A55="","",IF($O55<=0,"クリティカル","")) | Q55: =IF($A55="","",IF(AND($J55<>"完了",TODAY()>$L55),"遅延","")) | R55: =IF($A55="","",_xlfn.TEXTJOIN(", ",TRUE(),IF($F55="","",IF(IFERROR(INDEX($J$3:$J$102,MATCH($F55,$A$3:$A$102,0)),"")<>"完了",IFERROR(INDEX($C$3:$C$102,MATCH($F55,$A$3:$A$102,0)),""),"")),IF($G55="","",IF(IFERROR(INDEX($J$3:$J$102,MATCH($G55,$A$3:$A$102,0)),"")<>"完了",IFERROR(INDEX($C$3:$C$102,MATCH($G55,$A$3:$A$102,0)),""),"")),IF($H55="","",IF(IFERROR(INDEX($J$3:$J$102,MATCH($H55,$A$3:$A$102,0)),"")<>"完了",IFERROR(INDEX($C$3:$C$102,MATCH($H55,$A$3:$A$102,0)),""),"")))) | S55: =IF($A55="","",IF($J55<>"完了",1,0))
K56: =IF($A56="","",IF(AND($F56="",$G56="",$H56=""),設定!$B$2,MAX(IF($F56="",0,IFERROR(WORKDAY(INDEX($L$3:$L$55,MATCH($F56,$A$3:$A$55,0)),1),0)),IF($G56="",0,IFERROR(WORKDAY(INDEX($L$3:$L$55,MATCH($G56,$A$3:$A$55,0)),1),0)),IF($H56="",0,IFERROR(WORKDAY(INDEX($L$3:$L$55,MATCH($H56,$A$3:$A$55,0)),1),0))))) | L56: =IF($A56="","",WORKDAY($K56,$I56-1)) | M56: =IF($A56="","",WORKDAY($N56,-($I56-1))) | N56: =IF($A56="","",IF(COUNTIF($F$57:$F$102,$A56)+COUNTIF($G$57:$G$102,$A56)+COUNTIF($H$57:$H$102,$A56)=0,設定!$B$3,MIN(IF(COUNTIF($F$57:$F$102,$A56)=0,999999,IFERROR(WORKDAY(_xlfn.MINIFS($M$57:$M$102,$F$57:$F$102,$A56),-1),999999)),IF(COUNTIF($G$57:$G$102,$A56)=0,999999,IFERROR(WORKDAY(_xlfn.MINIFS($M$57:$M$102,$G$57:$G$102,$A56),-1),999999)),IF(COUNTIF($H$57:$H$102,$A56)=0,999999,IFERROR(WORKDAY(_xlfn.MINIFS($M$57:$M$102,$H$57:$H$102,$A56),-1),999999))))) | O56: =IF($A56="","",NETWORKDAYS($K56,$M56)-1) | P56: =IF($A56="","",IF($O56<=0,"クリティカル","")) | Q56: =IF($A56="","",IF(AND($J56<>"完了",TODAY()>$L56),"遅延","")) | R56: =IF($A56="","",_xlfn.TEXTJOIN(", ",TRUE(),IF($F56="","",IF(IFERROR(INDEX($J$3:$J$102,MATCH($F56,$A$3:$A$102,0)),"")<>"完了",IFERROR(INDEX($C$3:$C$102,MATCH($F56,$A$3:$A$102,0)),""),"")),IF($G56="","",IF(IFERROR(INDEX($J$3:$J$102,MATCH($G56,$A$3:$A$102,0)),"")<>"完了",IFERROR(INDEX($C$3:$C$102,MATCH($G56,$A$3:$A$102,0)),""),"")),IF($H56="","",IF(IFERROR(INDEX($J$3:$J$102,MATCH($H56,$A$3:$A$102,0)),"")<>"完了",IFERROR(INDEX($C$3:$C$102,MATCH($H56,$A$3:$A$102,0)),""),"")))) | S56: =IF($A56="","",IF($J56<>"完了",1,0))
K57: =IF($A57="","",IF(AND($F57="",$G57="",$H57=""),設定!$B$2,MAX(IF($F57="",0,IFERROR(WORKDAY(INDEX($L$3:$L$56,MATCH($F57,$A$3:$A$56,0)),1),0)),IF($G57="",0,IFERROR(WORKDAY(INDEX($L$3:$L$56,MATCH($G57,$A$3:$A$56,0)),1),0)),IF($H57="",0,IFERROR(WORKDAY(INDEX($L$3:$L$56,MATCH($H57,$A$3:$A$56,0)),1),0))))) | L57: =IF($A57="","",WORKDAY($K57,$I57-1)) | M57: =IF($A57="","",WORKDAY($N57,-($I57-1))) | N57: =IF($A57="","",IF(COUNTIF($F$58:$F$102,$A57)+COUNTIF($G$58:$G$102,$A57)+COUNTIF($H$58:$H$102,$A57)=0,設定!$B$3,MIN(IF(COUNTIF($F$58:$F$102,$A57)=0,999999,IFERROR(WORKDAY(_xlfn.MINIFS($M$58:$M$102,$F$58:$F$102,$A57),-1),999999)),IF(COUNTIF($G$58:$G$102,$A57)=0,999999,IFERROR(WORKDAY(_xlfn.MINIFS($M$58:$M$102,$G$58:$G$102,$A57),-1),999999)),IF(COUNTIF($H$58:$H$102,$A57)=0,999999,IFERROR(WORKDAY(_xlfn.MINIFS($M$58:$M$102,$H$58:$H$102,$A57),-1),999999))))) | O57: =IF($A57="","",NETWORKDAYS($K57,$M57)-1) | P57: =IF($A57="","",IF($O57<=0,"クリティカル","")) | Q57: =IF($A57="","",IF(AND($J57<>"完了",TODAY()>$L57),"遅延","")) | R57: =IF($A57="","",_xlfn.TEXTJOIN(", ",TRUE(),IF($F57="","",IF(IFERROR(INDEX($J$3:$J$102,MATCH($F57,$A$3:$A$102,0)),"")<>"完了",IFERROR(INDEX($C$3:$C$102,MATCH($F57,$A$3:$A$102,0)),""),"")),IF($G57="","",IF(IFERROR(INDEX($J$3:$J$102,MATCH($G57,$A$3:$A$102,0)),"")<>"完了",IFERROR(INDEX($C$3:$C$102,MATCH($G57,$A$3:$A$102,0)),""),"")),IF($H57="","",IF(IFERROR(INDEX($J$3:$J$102,MATCH($H57,$A$3:$A$102,0)),"")<>"完了",IFERROR(INDEX($C$3:$C$102,MATCH($H57,$A$3:$A$102,0)),""),"")))) | S57: =IF($A57="","",IF($J57<>"完了",1,0))
K58: =IF($A58="","",IF(AND($F58="",$G58="",$H58=""),設定!$B$2,MAX(IF($F58="",0,IFERROR(WORKDAY(INDEX($L$3:$L$57,MATCH($F58,$A$3:$A$57,0)),1),0)),IF($G58="",0,IFERROR(WORKDAY(INDEX($L$3:$L$57,MATCH($G58,$A$3:$A$57,0)),1),0)),IF($H58="",0,IFERROR(WORKDAY(INDEX($L$3:$L$57,MATCH($H58,$A$3:$A$57,0)),1),0))))) | L58: =IF($A58="","",WORKDAY($K58,$I58-1)) | M58: =IF($A58="","",WORKDAY($N58,-($I58-1))) | N58: =IF($A58="","",IF(COUNTIF($F$59:$F$102,$A58)+COUNTIF($G$59:$G$102,$A58)+COUNTIF($H$59:$H$102,$A58)=0,設定!$B$3,MIN(IF(COUNTIF($F$59:$F$102,$A58)=0,999999,IFERROR(WORKDAY(_xlfn.MINIFS($M$59:$M$102,$F$59:$F$102,$A58),-1),999999)),IF(COUNTIF($G$59:$G$102,$A58)=0,999999,IFERROR(WORKDAY(_xlfn.MINIFS($M$59:$M$102,$G$59:$G$102,$A58),-1),999999)),IF(COUNTIF($H$59:$H$102,$A58)=0,999999,IFERROR(WORKDAY(_xlfn.MINIFS($M$59:$M$102,$H$59:$H$102,$A58),-1),999999))))) | O58: =IF($A58="","",NETWORKDAYS($K58,$M58)-1) | P58: =IF($A58="","",IF($O58<=0,"クリティカル","")) | Q58: =IF($A58="","",IF(AND($J58<>"完了",TODAY()>$L58),"遅延","")) | R58: =IF($A58="","",_xlfn.TEXTJOIN(", ",TRUE(),IF($F58="","",IF(IFERROR(INDEX($J$3:$J$102,MATCH($F58,$A$3:$A$102,0)),"")<>"完了",IFERROR(INDEX($C$3:$C$102,MATCH($F58,$A$3:$A$102,0)),""),"")),IF($G58="","",IF(IFERROR(INDEX($J$3:$J$102,MATCH($G58,$A$3:$A$102,0)),"")<>"完了",IFERROR(INDEX($C$3:$C$102,MATCH($G58,$A$3:$A$102,0)),""),"")),IF($H58="","",IF(IFERROR(INDEX($J$3:$J$102,MATCH($H58,$A$3:$A$102,0)),"")<>"完了",IFERROR(INDEX($C$3:$C$102,MATCH($H58,$A$3:$A$102,0)),""),"")))) | S58: =IF($A58="","",IF($J58<>"完了",1,0))
K59: =IF($A59="","",IF(AND($F59="",$G59="",$H59=""),設定!$B$2,MAX(IF($F59="",0,IFERROR(WORKDAY(INDEX($L$3:$L$58,MATCH($F59,$A$3:$A$58,0)),1),0)),IF($G59="",0,IFERROR(WORKDAY(INDEX($L$3:$L$58,MATCH($G59,$A$3:$A$58,0)),1),0)),IF($H59="",0,IFERROR(WORKDAY(INDEX($L$3:$L$58,MATCH($H59,$A$3:$A$58,0)),1),0))))) | L59: =IF($A59="","",WORKDAY($K59,$I59-1)) | M59: =IF($A59="","",WORKDAY($N59,-($I59-1))) | N59: =IF($A59="","",IF(COUNTIF($F$60:$F$102,$A59)+COUNTIF($G$60:$G$102,$A59)+COUNTIF($H$60:$H$102,$A59)=0,設定!$B$3,MIN(IF(COUNTIF($F$60:$F$102,$A59)=0,999999,IFERROR(WORKDAY(_xlfn.MINIFS($M$60:$M$102,$F$60:$F$102,$A59),-1),999999)),IF(COUNTIF($G$60:$G$102,$A59)=0,999999,IFERROR(WORKDAY(_xlfn.MINIFS($M$60:$M$102,$G$60:$G$102,$A59),-1),999999)),IF(COUNTIF($H$60:$H$102,$A59)=0,999999,IFERROR(WORKDAY(_xlfn.MINIFS($M$60:$M$102,$H$60:$H$102,$A59),-1),999999))))) | O59: =IF($A59="","",NETWORKDAYS($K59,$M59)-1) | P59: =IF($A59="","",IF($O59<=0,"クリティカル","")) | Q59: =IF($A59="","",IF(AND($J59<>"完了",TODAY()>$L59),"遅延","")) | R59: =IF($A59="","",_xlfn.TEXTJOIN(", ",TRUE(),IF($F59="","",IF(IFERROR(INDEX($J$3:$J$102,MATCH($F59,$A$3:$A$102,0)),"")<>"完了",IFERROR(INDEX($C$3:$C$102,MATCH($F59,$A$3:$A$102,0)),""),"")),IF($G59="","",IF(IFERROR(INDEX($J$3:$J$102,MATCH($G59,$A$3:$A$102,0)),"")<>"完了",IFERROR(INDEX($C$3:$C$102,MATCH($G59,$A$3:$A$102,0)),""),"")),IF($H59="","",IF(IFERROR(INDEX($J$3:$J$102,MATCH($H59,$A$3:$A$102,0)),"")<>"完了",IFERROR(INDEX($C$3:$C$102,MATCH($H59,$A$3:$A$102,0)),""),"")))) | S59: =IF($A59="","",IF($J59<>"完了",1,0))
K60: =IF($A60="","",IF(AND($F60="",$G60="",$H60=""),設定!$B$2,MAX(IF($F60="",0,IFERROR(WORKDAY(INDEX($L$3:$L$59,MATCH($F60,$A$3:$A$59,0)),1),0)),IF($G60="",0,IFERROR(WORKDAY(INDEX($L$3:$L$59,MATCH($G60,$A$3:$A$59,0)),1),0)),IF($H60="",0,IFERROR(WORKDAY(INDEX($L$3:$L$59,MATCH($H60,$A$3:$A$59,0)),1),0))))) | L60: =IF($A60="","",WORKDAY($K60,$I60-1)) | M60: =IF($A60="","",WORKDAY($N60,-($I60-1))) | N60: =IF($A60="","",IF(COUNTIF($F$61:$F$102,$A60)+COUNTIF($G$61:$G$102,$A60)+COUNTIF($H$61:$H$102,$A60)=0,設定!$B$3,MIN(IF(COUNTIF($F$61:$F$102,$A60)=0,999999,IFERROR(WORKDAY(_xlfn.MINIFS($M$61:$M$102,$F$61:$F$102,$A60),-1),999999)),IF(COUNTIF($G$61:$G$102,$A60)=0,999999,IFERROR(WORKDAY(_xlfn.MINIFS($M$61:$M$102,$G$61:$G$102,$A60),-1),999999)),IF(COUNTIF($H$61:$H$102,$A60)=0,999999,IFERROR(WORKDAY(_xlfn.MINIFS($M$61:$M$102,$H$61:$H$102,$A60),-1),999999))))) | O60: =IF($A60="","",NETWORKDAYS($K60,$M60)-1) | P60: =IF($A60="","",IF($O60<=0,"クリティカル","")) | Q60: =IF($A60="","",IF(AND($J60<>"完了",TODAY()>$L60),"遅延","")) | R60: =IF($A60="","",_xlfn.TEXTJOIN(", ",TRUE(),IF($F60="","",IF(IFERROR(INDEX($J$3:$J$102,MATCH($F60,$A$3:$A$102,0)),"")<>"完了",IFERROR(INDEX($C$3:$C$102,MATCH($F60,$A$3:$A$102,0)),""),"")),IF($G60="","",IF(IFERROR(INDEX($J$3:$J$102,MATCH($G60,$A$3:$A$102,0)),"")<>"完了",IFERROR(INDEX($C$3:$C$102,MATCH($G60,$A$3:$A$102,0)),""),"")),IF($H60="","",IF(IFERROR(INDEX($J$3:$J$102,MATCH($H60,$A$3:$A$102,0)),"")<>"完了",IFERROR(INDEX($C$3:$C$102,MATCH($H60,$A$3:$A$102,0)),""),"")))) | S60: =IF($A60="","",IF($J60<>"完了",1,0))
K61: =IF($A61="","",IF(AND($F61="",$G61="",$H61=""),設定!$B$2,MAX(IF($F61="",0,IFERROR(WORKDAY(INDEX($L$3:$L$60,MATCH($F61,$A$3:$A$60,0)),1),0)),IF($G61="",0,IFERROR(WORKDAY(INDEX($L$3:$L$60,MATCH($G61,$A$3:$A$60,0)),1),0)),IF($H61="",0,IFERROR(WORKDAY(INDEX($L$3:$L$60,MATCH($H61,$A$3:$A$60,0)),1),0))))) | L61: =IF($A61="","",WORKDAY($K61,$I61-1)) | M61: =IF($A61="","",WORKDAY($N61,-($I61-1))) | N61: =IF($A61="","",IF(COUNTIF($F$62:$F$102,$A61)+COUNTIF($G$62:$G$102,$A61)+COUNTIF($H$62:$H$102,$A61)=0,設定!$B$3,MIN(IF(COUNTIF($F$62:$F$102,$A61)=0,999999,IFERROR(WORKDAY(_xlfn.MINIFS($M$62:$M$102,$F$62:$F$102,$A61),-1),999999)),IF(COUNTIF($G$62:$G$102,$A61)=0,999999,IFERROR(WORKDAY(_xlfn.MINIFS($M$62:$M$102,$G$62:$G$102,$A61),-1),999999)),IF(COUNTIF($H$62:$H$102,$A61)=0,999999,IFERROR(WORKDAY(_xlfn.MINIFS($M$62:$M$102,$H$62:$H$102,$A61),-1),999999))))) | O61: =IF($A61="","",NETWORKDAYS($K61,$M61)-1) | P61: =IF($A61="","",IF($O61<=0,"クリティカル","")) | Q61: =IF($A61="","",IF(AND($J61<>"完了",TODAY()>$L61),"遅延","")) | R61: =IF($A61="","",_xlfn.TEXTJOIN(", ",TRUE(),IF($F61="","",IF(IFERROR(INDEX($J$3:$J$102,MATCH($F61,$A$3:$A$102,0)),"")<>"完了",IFERROR(INDEX($C$3:$C$102,MATCH($F61,$A$3:$A$102,0)),""),"")),IF($G61="","",IF(IFERROR(INDEX($J$3:$J$102,MATCH($G61,$A$3:$A$102,0)),"")<>"完了",IFERROR(INDEX($C$3:$C$102,MATCH($G61,$A$3:$A$102,0)),""),"")),IF($H61="","",IF(IFERROR(INDEX($J$3:$J$102,MATCH($H61,$A$3:$A$102,0)),"")<>"完了",IFERROR(INDEX($C$3:$C$102,MATCH($H61,$A$3:$A$102,0)),""),"")))) | S61: =IF($A61="","",IF($J61<>"完了",1,0))
K62: =IF($A62="","",IF(AND($F62="",$G62="",$H62=""),設定!$B$2,MAX(IF($F62="",0,IFERROR(WORKDAY(INDEX($L$3:$L$61,MATCH($F62,$A$3:$A$61,0)),1),0)),IF($G62="",0,IFERROR(WORKDAY(INDEX($L$3:$L$61,MATCH($G62,$A$3:$A$61,0)),1),0)),IF($H62="",0,IFERROR(WORKDAY(INDEX($L$3:$L$61,MATCH($H62,$A$3:$A$61,0)),1),0))))) | L62: =IF($A62="","",WORKDAY($K62,$I62-1)) | M62: =IF($A62="","",WORKDAY($N62,-($I62-1))) | N62: =IF($A62="","",IF(COUNTIF($F$63:$F$102,$A62)+COUNTIF($G$63:$G$102,$A62)+COUNTIF($H$63:$H$102,$A62)=0,設定!$B$3,MIN(IF(COUNTIF($F$63:$F$102,$A62)=0,999999,IFERROR(WORKDAY(_xlfn.MINIFS($M$63:$M$102,$F$63:$F$102,$A62),-1),999999)),IF(COUNTIF($G$63:$G$102,$A62)=0,999999,IFERROR(WORKDAY(_xlfn.MINIFS($M$63:$M$102,$G$63:$G$102,$A62),-1),999999)),IF(COUNTIF($H$63:$H$102,$A62)=0,999999,IFERROR(WORKDAY(_xlfn.MINIFS($M$63:$M$102,$H$63:$H$102,$A62),-1),999999))))) | O62: =IF($A62="","",NETWORKDAYS($K62,$M62)-1) | P62: =IF($A62="","",IF($O62<=0,"クリティカル","")) | Q62: =IF($A62="","",IF(AND($J62<>"完了",TODAY()>$L62),"遅延","")) | R62: =IF($A62="","",_xlfn.TEXTJOIN(", ",TRUE(),IF($F62="","",IF(IFERROR(INDEX($J$3:$J$102,MATCH($F62,$A$3:$A$102,0)),"")<>"完了",IFERROR(INDEX($C$3:$C$102,MATCH($F62,$A$3:$A$102,0)),""),"")),IF($G62="","",IF(IFERROR(INDEX($J$3:$J$102,MATCH($G62,$A$3:$A$102,0)),"")<>"完了",IFERROR(INDEX($C$3:$C$102,MATCH($G62,$A$3:$A$102,0)),""),"")),IF($H62="","",IF(IFERROR(INDEX($J$3:$J$102,MATCH($H62,$A$3:$A$102,0)),"")<>"完了",IFERROR(INDEX($C$3:$C$102,MATCH($H62,$A$3:$A$102,0)),""),"")))) | S62: =IF($A62="","",IF($J62<>"完了",1,0))
K63: =IF($A63="","",IF(AND($F63="",$G63="",$H63=""),設定!$B$2,MAX(IF($F63="",0,IFERROR(WORKDAY(INDEX($L$3:$L$62,MATCH($F63,$A$3:$A$62,0)),1),0)),IF($G63="",0,IFERROR(WORKDAY(INDEX($L$3:$L$62,MATCH($G63,$A$3:$A$62,0)),1),0)),IF($H63="",0,IFERROR(WORKDAY(INDEX($L$3:$L$62,MATCH($H63,$A$3:$A$62,0)),1),0))))) | L63: =IF($A63="","",WORKDAY($K63,$I63-1)) | M63: =IF($A63="","",WORKDAY($N63,-($I63-1))) | N63: =IF($A63="","",IF(COUNTIF($F$64:$F$102,$A63)+COUNTIF($G$64:$G$102,$A63)+COUNTIF($H$64:$H$102,$A63)=0,設定!$B$3,MIN(IF(COUNTIF($F$64:$F$102,$A63)=0,999999,IFERROR(WORKDAY(_xlfn.MINIFS($M$64:$M$102,$F$64:$F$102,$A63),-1),999999)),IF(COUNTIF($G$64:$G$102,$A63)=0,999999,IFERROR(WORKDAY(_xlfn.MINIFS($M$64:$M$102,$G$64:$G$102,$A63),-1),999999)),IF(COUNTIF($H$64:$H$102,$A63)=0,999999,IFERROR(WORKDAY(_xlfn.MINIFS($M$64:$M$102,$H$64:$H$102,$A63),-1),999999))))) | O63: =IF($A63="","",NETWORKDAYS($K63,$M63)-1) | P63: =IF($A63="","",IF($O63<=0,"クリティカル","")) | Q63: =IF($A63="","",IF(AND($J63<>"完了",TODAY()>$L63),"遅延","")) | R63: =IF($A63="","",_xlfn.TEXTJOIN(", ",TRUE(),IF($F63="","",IF(IFERROR(INDEX($J$3:$J$102,MATCH($F63,$A$3:$A$102,0)),"")<>"完了",IFERROR(INDEX($C$3:$C$102,MATCH($F63,$A$3:$A$102,0)),""),"")),IF($G63="","",IF(IFERROR(INDEX($J$3:$J$102,MATCH($G63,$A$3:$A$102,0)),"")<>"完了",IFERROR(INDEX($C$3:$C$102,MATCH($G63,$A$3:$A$102,0)),""),"")),IF($H63="","",IF(IFERROR(INDEX($J$3:$J$102,MATCH($H63,$A$3:$A$102,0)),"")<>"完了",IFERROR(INDEX($C$3:$C$102,MATCH($H63,$A$3:$A$102,0)),""),"")))) | S63: =IF($A63="","",IF($J63<>"完了",1,0))
K64: =IF($A64="","",IF(AND($F64="",$G64="",$H64=""),設定!$B$2,MAX(IF($F64="",0,IFERROR(WORKDAY(INDEX($L$3:$L$63,MATCH($F64,$A$3:$A$63,0)),1),0)),IF($G64="",0,IFERROR(WORKDAY(INDEX($L$3:$L$63,MATCH($G64,$A$3:$A$63,0)),1),0)),IF($H64="",0,IFERROR(WORKDAY(INDEX($L$3:$L$63,MATCH($H64,$A$3:$A$63,0)),1),0))))) | L64: =IF($A64="","",WORKDAY($K64,$I64-1)) | M64: =IF($A64="","",WORKDAY($N64,-($I64-1))) | N64: =IF($A64="","",IF(COUNTIF($F$65:$F$102,$A64)+COUNTIF($G$65:$G$102,$A64)+COUNTIF($H$65:$H$102,$A64)=0,設定!$B$3,MIN(IF(COUNTIF($F$65:$F$102,$A64)=0,999999,IFERROR(WORKDAY(_xlfn.MINIFS($M$65:$M$102,$F$65:$F$102,$A64),-1),999999)),IF(COUNTIF($G$65:$G$102,$A64)=0,999999,IFERROR(WORKDAY(_xlfn.MINIFS($M$65:$M$102,$G$65:$G$102,$A64),-1),999999)),IF(COUNTIF($H$65:$H$102,$A64)=0,999999,IFERROR(WORKDAY(_xlfn.MINIFS($M$65:$M$102,$H$65:$H$102,$A64),-1),999999))))) | O64: =IF($A64="","",NETWORKDAYS($K64,$M64)-1) | P64: =IF($A64="","",IF($O64<=0,"クリティカル","")) | Q64: =IF($A64="","",IF(AND($J64<>"完了",TODAY()>$L64),"遅延","")) | R64: =IF($A64="","",_xlfn.TEXTJOIN(", ",TRUE(),IF($F64="","",IF(IFERROR(INDEX($J$3:$J$102,MATCH($F64,$A$3:$A$102,0)),"")<>"完了",IFERROR(INDEX($C$3:$C$102,MATCH($F64,$A$3:$A$102,0)),""),"")),IF($G64="","",IF(IFERROR(INDEX($J$3:$J$102,MATCH($G64,$A$3:$A$102,0)),"")<>"完了",IFERROR(INDEX($C$3:$C$102,MATCH($G64,$A$3:$A$102,0)),""),"")),IF($H64="","",IF(IFERROR(INDEX($J$3:$J$102,MATCH($H64,$A$3:$A$102,0)),"")<>"完了",IFERROR(INDEX($C$3:$C$102,MATCH($H64,$A$3:$A$102,0)),""),"")))) | S64: =IF($A64="","",IF($J64<>"完了",1,0))
K65: =IF($A65="","",IF(AND($F65="",$G65="",$H65=""),設定!$B$2,MAX(IF($F65="",0,IFERROR(WORKDAY(INDEX($L$3:$L$64,MATCH($F65,$A$3:$A$64,0)),1),0)),IF($G65="",0,IFERROR(WORKDAY(INDEX($L$3:$L$64,MATCH($G65,$A$3:$A$64,0)),1),0)),IF($H65="",0,IFERROR(WORKDAY(INDEX($L$3:$L$64,MATCH($H65,$A$3:$A$64,0)),1),0))))) | L65: =IF($A65="","",WORKDAY($K65,$I65-1)) | M65: =IF($A65="","",WORKDAY($N65,-($I65-1))) | N65: =IF($A65="","",IF(COUNTIF($F$66:$F$102,$A65)+COUNTIF($G$66:$G$102,$A65)+COUNTIF($H$66:$H$102,$A65)=0,設定!$B$3,MIN(IF(COUNTIF($F$66:$F$102,$A65)=0,999999,IFERROR(WORKDAY(_xlfn.MINIFS($M$66:$M$102,$F$66:$F$102,$A65),-1),999999)),IF(COUNTIF($G$66:$G$102,$A65)=0,999999,IFERROR(WORKDAY(_xlfn.MINIFS($M$66:$M$102,$G$66:$G$102,$A65),-1),999999)),IF(COUNTIF($H$66:$H$102,$A65)=0,999999,IFERROR(WORKDAY(_xlfn.MINIFS($M$66:$M$102,$H$66:$H$102,$A65),-1),999999))))) | O65: =IF($A65="","",NETWORKDAYS($K65,$M65)-1) | P65: =IF($A65="","",IF($O65<=0,"クリティカル","")) | Q65: =IF($A65="","",IF(AND($J65<>"完了",TODAY()>$L65),"遅延","")) | R65: =IF($A65="","",_xlfn.TEXTJOIN(", ",TRUE(),IF($F65="","",IF(IFERROR(INDEX($J$3:$J$102,MATCH($F65,$A$3:$A$102,0)),"")<>"完了",IFERROR(INDEX($C$3:$C$102,MATCH($F65,$A$3:$A$102,0)),""),"")),IF($G65="","",IF(IFERROR(INDEX($J$3:$J$102,MATCH($G65,$A$3:$A$102,0)),"")<>"完了",IFERROR(INDEX($C$3:$C$102,MATCH($G65,$A$3:$A$102,0)),""),"")),IF($H65="","",IF(IFERROR(INDEX($J$3:$J$102,MATCH($H65,$A$3:$A$102,0)),"")<>"完了",IFERROR(INDEX($C$3:$C$102,MATCH($H65,$A$3:$A$102,0)),""),"")))) | S65: =IF($A65="","",IF($J65<>"完了",1,0))
K66: =IF($A66="","",IF(AND($F66="",$G66="",$H66=""),設定!$B$2,MAX(IF($F66="",0,IFERROR(WORKDAY(INDEX($L$3:$L$65,MATCH($F66,$A$3:$A$65,0)),1),0)),IF($G66="",0,IFERROR(WORKDAY(INDEX($L$3:$L$65,MATCH($G66,$A$3:$A$65,0)),1),0)),IF($H66="",0,IFERROR(WORKDAY(INDEX($L$3:$L$65,MATCH($H66,$A$3:$A$65,0)),1),0))))) | L66: =IF($A66="","",WORKDAY($K66,$I66-1)) | M66: =IF($A66="","",WORKDAY($N66,-($I66-1))) | N66: =IF($A66="","",IF(COUNTIF($F$67:$F$102,$A66)+COUNTIF($G$67:$G$102,$A66)+COUNTIF($H$67:$H$102,$A66)=0,設定!$B$3,MIN(IF(COUNTIF($F$67:$F$102,$A66)=0,999999,IFERROR(WORKDAY(_xlfn.MINIFS($M$67:$M$102,$F$67:$F$102,$A66),-1),999999)),IF(COUNTIF($G$67:$G$102,$A66)=0,999999,IFERROR(WORKDAY(_xlfn.MINIFS($M$67:$M$102,$G$67:$G$102,$A66),-1),999999)),IF(COUNTIF($H$67:$H$102,$A66)=0,999999,IFERROR(WORKDAY(_xlfn.MINIFS($M$67:$M$102,$H$67:$H$102,$A66),-1),999999))))) | O66: =IF($A66="","",NETWORKDAYS($K66,$M66)-1) | P66: =IF($A66="","",IF($O66<=0,"クリティカル","")) | Q66: =IF($A66="","",IF(AND($J66<>"完了",TODAY()>$L66),"遅延","")) | R66: =IF($A66="","",_xlfn.TEXTJOIN(", ",TRUE(),IF($F66="","",IF(IFERROR(INDEX($J$3:$J$102,MATCH($F66,$A$3:$A$102,0)),"")<>"完了",IFERROR(INDEX($C$3:$C$102,MATCH($F66,$A$3:$A$102,0)),""),"")),IF($G66="","",IF(IFERROR(INDEX($J$3:$J$102,MATCH($G66,$A$3:$A$102,0)),"")<>"完了",IFERROR(INDEX($C$3:$C$102,MATCH($G66,$A$3:$A$102,0)),""),"")),IF($H66="","",IF(IFERROR(INDEX($J$3:$J$102,MATCH($H66,$A$3:$A$102,0)),"")<>"完了",IFERROR(INDEX($C$3:$C$102,MATCH($H66,$A$3:$A$102,0)),""),"")))) | S66: =IF($A66="","",IF($J66<>"完了",1,0))
K67: =IF($A67="","",IF(AND($F67="",$G67="",$H67=""),設定!$B$2,MAX(IF($F67="",0,IFERROR(WORKDAY(INDEX($L$3:$L$66,MATCH($F67,$A$3:$A$66,0)),1),0)),IF($G67="",0,IFERROR(WORKDAY(INDEX($L$3:$L$66,MATCH($G67,$A$3:$A$66,0)),1),0)),IF($H67="",0,IFERROR(WORKDAY(INDEX($L$3:$L$66,MATCH($H67,$A$3:$A$66,0)),1),0))))) | L67: =IF($A67="","",WORKDAY($K67,$I67-1)) | M67: =IF($A67="","",WORKDAY($N67,-($I67-1))) | N67: =IF($A67="","",IF(COUNTIF($F$68:$F$102,$A67)+COUNTIF($G$68:$G$102,$A67)+COUNTIF($H$68:$H$102,$A67)=0,設定!$B$3,MIN(IF(COUNTIF($F$68:$F$102,$A67)=0,999999,IFERROR(WORKDAY(_xlfn.MINIFS($M$68:$M$102,$F$68:$F$102,$A67),-1),999999)),IF(COUNTIF($G$68:$G$102,$A67)=0,999999,IFERROR(WORKDAY(_xlfn.MINIFS($M$68:$M$102,$G$68:$G$102,$A67),-1),999999)),IF(COUNTIF($H$68:$H$102,$A67)=0,999999,IFERROR(WORKDAY(_xlfn.MINIFS($M$68:$M$102,$H$68:$H$102,$A67),-1),999999))))) | O67: =IF($A67="","",NETWORKDAYS($K67,$M67)-1) | P67: =IF($A67="","",IF($O67<=0,"クリティカル","")) | Q67: =IF($A67="","",IF(AND($J67<>"完了",TODAY()>$L67),"遅延","")) | R67: =IF($A67="","",_xlfn.TEXTJOIN(", ",TRUE(),IF($F67="","",IF(IFERROR(INDEX($J$3:$J$102,MATCH($F67,$A$3:$A$102,0)),"")<>"完了",IFERROR(INDEX($C$3:$C$102,MATCH($F67,$A$3:$A$102,0)),""),"")),IF($G67="","",IF(IFERROR(INDEX($J$3:$J$102,MATCH($G67,$A$3:$A$102,0)),"")<>"完了",IFERROR(INDEX($C$3:$C$102,MATCH($G67,$A$3:$A$102,0)),""),"")),IF($H67="","",IF(IFERROR(INDEX($J$3:$J$102,MATCH($H67,$A$3:$A$102,0)),"")<>"完了",IFERROR(INDEX($C$3:$C$102,MATCH($H67,$A$3:$A$102,0)),""),"")))) | S67: =IF($A67="","",IF($J67<>"完了",1,0))
K68: =IF($A68="","",IF(AND($F68="",$G68="",$H68=""),設定!$B$2,MAX(IF($F68="",0,IFERROR(WORKDAY(INDEX($L$3:$L$67,MATCH($F68,$A$3:$A$67,0)),1),0)),IF($G68="",0,IFERROR(WORKDAY(INDEX($L$3:$L$67,MATCH($G68,$A$3:$A$67,0)),1),0)),IF($H68="",0,IFERROR(WORKDAY(INDEX($L$3:$L$67,MATCH($H68,$A$3:$A$67,0)),1),0))))) | L68: =IF($A68="","",WORKDAY($K68,$I68-1)) | M68: =IF($A68="","",WORKDAY($N68,-($I68-1))) | N68: =IF($A68="","",IF(COUNTIF($F$69:$F$102,$A68)+COUNTIF($G$69:$G$102,$A68)+COUNTIF($H$69:$H$102,$A68)=0,設定!$B$3,MIN(IF(COUNTIF($F$69:$F$102,$A68)=0,999999,IFERROR(WORKDAY(_xlfn.MINIFS($M$69:$M$102,$F$69:$F$102,$A68),-1),999999)),IF(COUNTIF($G$69:$G$102,$A68)=0,999999,IFERROR(WORKDAY(_xlfn.MINIFS($M$69:$M$102,$G$69:$G$102,$A68),-1),999999)),IF(COUNTIF($H$69:$H$102,$A68)=0,999999,IFERROR(WORKDAY(_xlfn.MINIFS($M$69:$M$102,$H$69:$H$102,$A68),-1),999999))))) | O68: =IF($A68="","",NETWORKDAYS($K68,$M68)-1) | P68: =IF($A68="","",IF($O68<=0,"クリティカル","")) | Q68: =IF($A68="","",IF(AND($J68<>"完了",TODAY()>$L68),"遅延","")) | R68: =IF($A68="","",_xlfn.TEXTJOIN(", ",TRUE(),IF($F68="","",IF(IFERROR(INDEX($J$3:$J$102,MATCH($F68,$A$3:$A$102,0)),"")<>"完了",IFERROR(INDEX($C$3:$C$102,MATCH($F68,$A$3:$A$102,0)),""),"")),IF($G68="","",IF(IFERROR(INDEX($J$3:$J$102,MATCH($G68,$A$3:$A$102,0)),"")<>"完了",IFERROR(INDEX($C$3:$C$102,MATCH($G68,$A$3:$A$102,0)),""),"")),IF($H68="","",IF(IFERROR(INDEX($J$3:$J$102,MATCH($H68,$A$3:$A$102,0)),"")<>"完了",IFERROR(INDEX($C$3:$C$102,MATCH($H68,$A$3:$A$102,0)),""),"")))) | S68: =IF($A68="","",IF($J68<>"完了",1,0))
K69: =IF($A69="","",IF(AND($F69="",$G69="",$H69=""),設定!$B$2,MAX(IF($F69="",0,IFERROR(WORKDAY(INDEX($L$3:$L$68,MATCH($F69,$A$3:$A$68,0)),1),0)),IF($G69="",0,IFERROR(WORKDAY(INDEX($L$3:$L$68,MATCH($G69,$A$3:$A$68,0)),1),0)),IF($H69="",0,IFERROR(WORKDAY(INDEX($L$3:$L$68,MATCH($H69,$A$3:$A$68,0)),1),0))))) | L69: =IF($A69="","",WORKDAY($K69,$I69-1)) | M69: =IF($A69="","",WORKDAY($N69,-($I69-1))) | N69: =IF($A69="","",IF(COUNTIF($F$70:$F$102,$A69)+COUNTIF($G$70:$G$102,$A69)+COUNTIF($H$70:$H$102,$A69)=0,設定!$B$3,MIN(IF(COUNTIF($F$70:$F$102,$A69)=0,999999,IFERROR(WORKDAY(_xlfn.MINIFS($M$70:$M$102,$F$70:$F$102,$A69),-1),999999)),IF(COUNTIF($G$70:$G$102,$A69)=0,999999,IFERROR(WORKDAY(_xlfn.MINIFS($M$70:$M$102,$G$70:$G$102,$A69),-1),999999)),IF(COUNTIF($H$70:$H$102,$A69)=0,999999,IFERROR(WORKDAY(_xlfn.MINIFS($M$70:$M$102,$H$70:$H$102,$A69),-1),999999))))) | O69: =IF($A69="","",NETWORKDAYS($K69,$M69)-1) | P69: =IF($A69="","",IF($O69<=0,"クリティカル","")) | Q69: =IF($A69="","",IF(AND($J69<>"完了",TODAY()>$L69),"遅延","")) | R69: =IF($A69="","",_xlfn.TEXTJOIN(", ",TRUE(),IF($F69="","",IF(IFERROR(INDEX($J$3:$J$102,MATCH($F69,$A$3:$A$102,0)),"")<>"完了",IFERROR(INDEX($C$3:$C$102,MATCH($F69,$A$3:$A$102,0)),""),"")),IF($G69="","",IF(IFERROR(INDEX($J$3:$J$102,MATCH($G69,$A$3:$A$102,0)),"")<>"完了",IFERROR(INDEX($C$3:$C$102,MATCH($G69,$A$3:$A$102,0)),""),"")),IF($H69="","",IF(IFERROR(INDEX($J$3:$J$102,MATCH($H69,$A$3:$A$102,0)),"")<>"完了",IFERROR(INDEX($C$3:$C$102,MATCH($H69,$A$3:$A$102,0)),""),"")))) | S69: =IF($A69="","",IF($J69<>"完了",1,0))
K70: =IF($A70="","",IF(AND($F70="",$G70="",$H70=""),設定!$B$2,MAX(IF($F70="",0,IFERROR(WORKDAY(INDEX($L$3:$L$69,MATCH($F70,$A$3:$A$69,0)),1),0)),IF($G70="",0,IFERROR(WORKDAY(INDEX($L$3:$L$69,MATCH($G70,$A$3:$A$69,0)),1),0)),IF($H70="",0,IFERROR(WORKDAY(INDEX($L$3:$L$69,MATCH($H70,$A$3:$A$69,0)),1),0))))) | L70: =IF($A70="","",WORKDAY($K70,$I70-1)) | M70: =IF($A70="","",WORKDAY($N70,-($I70-1))) | N70: =IF($A70="","",IF(COUNTIF($F$71:$F$102,$A70)+COUNTIF($G$71:$G$102,$A70)+COUNTIF($H$71:$H$102,$A70)=0,設定!$B$3,MIN(IF(COUNTIF($F$71:$F$102,$A70)=0,999999,IFERROR(WORKDAY(_xlfn.MINIFS($M$71:$M$102,$F$71:$F$102,$A70),-1),999999)),IF(COUNTIF($G$71:$G$102,$A70)=0,999999,IFERROR(WORKDAY(_xlfn.MINIFS($M$71:$M$102,$G$71:$G$102,$A70),-1),999999)),IF(COUNTIF($H$71:$H$102,$A70)=0,999999,IFERROR(WORKDAY(_xlfn.MINIFS($M$71:$M$102,$H$71:$H$102,$A70),-1),999999))))) | O70: =IF($A70="","",NETWORKDAYS($K70,$M70)-1) | P70: =IF($A70="","",IF($O70<=0,"クリティカル","")) | Q70: =IF($A70="","",IF(AND($J70<>"完了",TODAY()>$L70),"遅延","")) | R70: =IF($A70="","",_xlfn.TEXTJOIN(", ",TRUE(),IF($F70="","",IF(IFERROR(INDEX($J$3:$J$102,MATCH($F70,$A$3:$A$102,0)),"")<>"完了",IFERROR(INDEX($C$3:$C$102,MATCH($F70,$A$3:$A$102,0)),""),"")),IF($G70="","",IF(IFERROR(INDEX($J$3:$J$102,MATCH($G70,$A$3:$A$102,0)),"")<>"完了",IFERROR(INDEX($C$3:$C$102,MATCH($G70,$A$3:$A$102,0)),""),"")),IF($H70="","",IF(IFERROR(INDEX($J$3:$J$102,MATCH($H70,$A$3:$A$102,0)),"")<>"完了",IFERROR(INDEX($C$3:$C$102,MATCH($H70,$A$3:$A$102,0)),""),"")))) | S70: =IF($A70="","",IF($J70<>"完了",1,0))
K71: =IF($A71="","",IF(AND($F71="",$G71="",$H71=""),設定!$B$2,MAX(IF($F71="",0,IFERROR(WORKDAY(INDEX($L$3:$L$70,MATCH($F71,$A$3:$A$70,0)),1),0)),IF($G71="",0,IFERROR(WORKDAY(INDEX($L$3:$L$70,MATCH($G71,$A$3:$A$70,0)),1),0)),IF($H71="",0,IFERROR(WORKDAY(INDEX($L$3:$L$70,MATCH($H71,$A$3:$A$70,0)),1),0))))) | L71: =IF($A71="","",WORKDAY($K71,$I71-1)) | M71: =IF($A71="","",WORKDAY($N71,-($I71-1))) | N71: =IF($A71="","",IF(COUNTIF($F$72:$F$102,$A71)+COUNTIF($G$72:$G$102,$A71)+COUNTIF($H$72:$H$102,$A71)=0,設定!$B$3,MIN(IF(COUNTIF($F$72:$F$102,$A71)=0,999999,IFERROR(WORKDAY(_xlfn.MINIFS($M$72:$M$102,$F$72:$F$102,$A71),-1),999999)),IF(COUNTIF($G$72:$G$102,$A71)=0,999999,IFERROR(WORKDAY(_xlfn.MINIFS($M$72:$M$102,$G$72:$G$102,$A71),-1),999999)),IF(COUNTIF($H$72:$H$102,$A71)=0,999999,IFERROR(WORKDAY(_xlfn.MINIFS($M$72:$M$102,$H$72:$H$102,$A71),-1),999999))))) | O71: =IF($A71="","",NETWORKDAYS($K71,$M71)-1) | P71: =IF($A71="","",IF($O71<=0,"クリティカル","")) | Q71: =IF($A71="","",IF(AND($J71<>"完了",TODAY()>$L71),"遅延","")) | R71: =IF($A71="","",_xlfn.TEXTJOIN(", ",TRUE(),IF($F71="","",IF(IFERROR(INDEX($J$3:$J$102,MATCH($F71,$A$3:$A$102,0)),"")<>"完了",IFERROR(INDEX($C$3:$C$102,MATCH($F71,$A$3:$A$102,0)),""),"")),IF($G71="","",IF(IFERROR(INDEX($J$3:$J$102,MATCH($G71,$A$3:$A$102,0)),"")<>"完了",IFERROR(INDEX($C$3:$C$102,MATCH($G71,$A$3:$A$102,0)),""),"")),IF($H71="","",IF(IFERROR(INDEX($J$3:$J$102,MATCH($H71,$A$3:$A$102,0)),"")<>"完了",IFERROR(INDEX($C$3:$C$102,MATCH($H71,$A$3:$A$102,0)),""),"")))) | S71: =IF($A71="","",IF($J71<>"完了",1,0))
K72: =IF($A72="","",IF(AND($F72="",$G72="",$H72=""),設定!$B$2,MAX(IF($F72="",0,IFERROR(WORKDAY(INDEX($L$3:$L$71,MATCH($F72,$A$3:$A$71,0)),1),0)),IF($G72="",0,IFERROR(WORKDAY(INDEX($L$3:$L$71,MATCH($G72,$A$3:$A$71,0)),1),0)),IF($H72="",0,IFERROR(WORKDAY(INDEX($L$3:$L$71,MATCH($H72,$A$3:$A$71,0)),1),0))))) | L72: =IF($A72="","",WORKDAY($K72,$I72-1)) | M72: =IF($A72="","",WORKDAY($N72,-($I72-1))) | N72: =IF($A72="","",IF(COUNTIF($F$73:$F$102,$A72)+COUNTIF($G$73:$G$102,$A72)+COUNTIF($H$73:$H$102,$A72)=0,設定!$B$3,MIN(IF(COUNTIF($F$73:$F$102,$A72)=0,999999,IFERROR(WORKDAY(_xlfn.MINIFS($M$73:$M$102,$F$73:$F$102,$A72),-1),999999)),IF(COUNTIF($G$73:$G$102,$A72)=0,999999,IFERROR(WORKDAY(_xlfn.MINIFS($M$73:$M$102,$G$73:$G$102,$A72),-1),999999)),IF(COUNTIF($H$73:$H$102,$A72)=0,999999,IFERROR(WORKDAY(_xlfn.MINIFS($M$73:$M$102,$H$73:$H$102,$A72),-1),999999))))) | O72: =IF($A72="","",NETWORKDAYS($K72,$M72)-1) | P72: =IF($A72="","",IF($O72<=0,"クリティカル","")) | Q72: =IF($A72="","",IF(AND($J72<>"完了",TODAY()>$L72),"遅延","")) | R72: =IF($A72="","",_xlfn.TEXTJOIN(", ",TRUE(),IF($F72="","",IF(IFERROR(INDEX($J$3:$J$102,MATCH($F72,$A$3:$A$102,0)),"")<>"完了",IFERROR(INDEX($C$3:$C$102,MATCH($F72,$A$3:$A$102,0)),""),"")),IF($G72="","",IF(IFERROR(INDEX($J$3:$J$102,MATCH($G72,$A$3:$A$102,0)),"")<>"完了",IFERROR(INDEX($C$3:$C$102,MATCH($G72,$A$3:$A$102,0)),""),"")),IF($H72="","",IF(IFERROR(INDEX($J$3:$J$102,MATCH($H72,$A$3:$A$102,0)),"")<>"完了",IFERROR(INDEX($C$3:$C$102,MATCH($H72,$A$3:$A$102,0)),""),"")))) | S72: =IF($A72="","",IF($J72<>"完了",1,0))
K73: =IF($A73="","",IF(AND($F73="",$G73="",$H73=""),設定!$B$2,MAX(IF($F73="",0,IFERROR(WORKDAY(INDEX($L$3:$L$72,MATCH($F73,$A$3:$A$72,0)),1),0)),IF($G73="",0,IFERROR(WORKDAY(INDEX($L$3:$L$72,MATCH($G73,$A$3:$A$72,0)),1),0)),IF($H73="",0,IFERROR(WORKDAY(INDEX($L$3:$L$72,MATCH($H73,$A$3:$A$72,0)),1),0))))) | L73: =IF($A73="","",WORKDAY($K73,$I73-1)) | M73: =IF($A73="","",WORKDAY($N73,-($I73-1))) | N73: =IF($A73="","",IF(COUNTIF($F$74:$F$102,$A73)+COUNTIF($G$74:$G$102,$A73)+COUNTIF($H$74:$H$102,$A73)=0,設定!$B$3,MIN(IF(COUNTIF($F$74:$F$102,$A73)=0,999999,IFERROR(WORKDAY(_xlfn.MINIFS($M$74:$M$102,$F$74:$F$102,$A73),-1),999999)),IF(COUNTIF($G$74:$G$102,$A73)=0,999999,IFERROR(WORKDAY(_xlfn.MINIFS($M$74:$M$102,$G$74:$G$102,$A73),-1),999999)),IF(COUNTIF($H$74:$H$102,$A73)=0,999999,IFERROR(WORKDAY(_xlfn.MINIFS($M$74:$M$102,$H$74:$H$102,$A73),-1),999999))))) | O73: =IF($A73="","",NETWORKDAYS($K73,$M73)-1) | P73: =IF($A73="","",IF($O73<=0,"クリティカル","")) | Q73: =IF($A73="","",IF(AND($J73<>"完了",TODAY()>$L73),"遅延","")) | R73: =IF($A73="","",_xlfn.TEXTJOIN(", ",TRUE(),IF($F73="","",IF(IFERROR(INDEX($J$3:$J$102,MATCH($F73,$A$3:$A$102,0)),"")<>"完了",IFERROR(INDEX($C$3:$C$102,MATCH($F73,$A$3:$A$102,0)),""),"")),IF($G73="","",IF(IFERROR(INDEX($J$3:$J$102,MATCH($G73,$A$3:$A$102,0)),"")<>"完了",IFERROR(INDEX($C$3:$C$102,MATCH($G73,$A$3:$A$102,0)),""),"")),IF($H73="","",IF(IFERROR(INDEX($J$3:$J$102,MATCH($H73,$A$3:$A$102,0)),"")<>"完了",IFERROR(INDEX($C$3:$C$102,MATCH($H73,$A$3:$A$102,0)),""),"")))) | S73: =IF($A73="","",IF($J73<>"完了",1,0))
K74: =IF($A74="","",IF(AND($F74="",$G74="",$H74=""),設定!$B$2,MAX(IF($F74="",0,IFERROR(WORKDAY(INDEX($L$3:$L$73,MATCH($F74,$A$3:$A$73,0)),1),0)),IF($G74="",0,IFERROR(WORKDAY(INDEX($L$3:$L$73,MATCH($G74,$A$3:$A$73,0)),1),0)),IF($H74="",0,IFERROR(WORKDAY(INDEX($L$3:$L$73,MATCH($H74,$A$3:$A$73,0)),1),0))))) | L74: =IF($A74="","",WORKDAY($K74,$I74-1)) | M74: =IF($A74="","",WORKDAY($N74,-($I74-1))) | N74: =IF($A74="","",IF(COUNTIF($F$75:$F$102,$A74)+COUNTIF($G$75:$G$102,$A74)+COUNTIF($H$75:$H$102,$A74)=0,設定!$B$3,MIN(IF(COUNTIF($F$75:$F$102,$A74)=0,999999,IFERROR(WORKDAY(_xlfn.MINIFS($M$75:$M$102,$F$75:$F$102,$A74),-1),999999)),IF(COUNTIF($G$75:$G$102,$A74)=0,999999,IFERROR(WORKDAY(_xlfn.MINIFS($M$75:$M$102,$G$75:$G$102,$A74),-1),999999)),IF(COUNTIF($H$75:$H$102,$A74)=0,999999,IFERROR(WORKDAY(_xlfn.MINIFS($M$75:$M$102,$H$75:$H$102,$A74),-1),999999))))) | O74: =IF($A74="","",NETWORKDAYS($K74,$M74)-1) | P74: =IF($A74="","",IF($O74<=0,"クリティカル","")) | Q74: =IF($A74="","",IF(AND($J74<>"完了",TODAY()>$L74),"遅延","")) | R74: =IF($A74="","",_xlfn.TEXTJOIN(", ",TRUE(),IF($F74="","",IF(IFERROR(INDEX($J$3:$J$102,MATCH($F74,$A$3:$A$102,0)),"")<>"完了",IFERROR(INDEX($C$3:$C$102,MATCH($F74,$A$3:$A$102,0)),""),"")),IF($G74="","",IF(IFERROR(INDEX($J$3:$J$102,MATCH($G74,$A$3:$A$102,0)),"")<>"完了",IFERROR(INDEX($C$3:$C$102,MATCH($G74,$A$3:$A$102,0)),""),"")),IF($H74="","",IF(IFERROR(INDEX($J$3:$J$102,MATCH($H74,$A$3:$A$102,0)),"")<>"完了",IFERROR(INDEX($C$3:$C$102,MATCH($H74,$A$3:$A$102,0)),""),"")))) | S74: =IF($A74="","",IF($J74<>"完了",1,0))
K75: =IF($A75="","",IF(AND($F75="",$G75="",$H75=""),設定!$B$2,MAX(IF($F75="",0,IFERROR(WORKDAY(INDEX($L$3:$L$74,MATCH($F75,$A$3:$A$74,0)),1),0)),IF($G75="",0,IFERROR(WORKDAY(INDEX($L$3:$L$74,MATCH($G75,$A$3:$A$74,0)),1),0)),IF($H75="",0,IFERROR(WORKDAY(INDEX($L$3:$L$74,MATCH($H75,$A$3:$A$74,0)),1),0))))) | L75: =IF($A75="","",WORKDAY($K75,$I75-1)) | M75: =IF($A75="","",WORKDAY($N75,-($I75-1))) | N75: =IF($A75="","",IF(COUNTIF($F$76:$F$102,$A75)+COUNTIF($G$76:$G$102,$A75)+COUNTIF($H$76:$H$102,$A75)=0,設定!$B$3,MIN(IF(COUNTIF($F$76:$F$102,$A75)=0,999999,IFERROR(WORKDAY(_xlfn.MINIFS($M$76:$M$102,$F$76:$F$102,$A75),-1),999999)),IF(COUNTIF($G$76:$G$102,$A75)=0,999999,IFERROR(WORKDAY(_xlfn.MINIFS($M$76:$M$102,$G$76:$G$102,$A75),-1),999999)),IF(COUNTIF($H$76:$H$102,$A75)=0,999999,IFERROR(WORKDAY(_xlfn.MINIFS($M$76:$M$102,$H$76:$H$102,$A75),-1),999999))))) | O75: =IF($A75="","",NETWORKDAYS($K75,$M75)-1) | P75: =IF($A75="","",IF($O75<=0,"クリティカル","")) | Q75: =IF($A75="","",IF(AND($J75<>"完了",TODAY()>$L75),"遅延","")) | R75: =IF($A75="","",_xlfn.TEXTJOIN(", ",TRUE(),IF($F75="","",IF(IFERROR(INDEX($J$3:$J$102,MATCH($F75,$A$3:$A$102,0)),"")<>"完了",IFERROR(INDEX($C$3:$C$102,MATCH($F75,$A$3:$A$102,0)),""),"")),IF($G75="","",IF(IFERROR(INDEX($J$3:$J$102,MATCH($G75,$A$3:$A$102,0)),"")<>"完了",IFERROR(INDEX($C$3:$C$102,MATCH($G75,$A$3:$A$102,0)),""),"")),IF($H75="","",IF(IFERROR(INDEX($J$3:$J$102,MATCH($H75,$A$3:$A$102,0)),"")<>"完了",IFERROR(INDEX($C$3:$C$102,MATCH($H75,$A$3:$A$102,0)),""),"")))) | S75: =IF($A75="","",IF($J75<>"完了",1,0))
K76: =IF($A76="","",IF(AND($F76="",$G76="",$H76=""),設定!$B$2,MAX(IF($F76="",0,IFERROR(WORKDAY(INDEX($L$3:$L$75,MATCH($F76,$A$3:$A$75,0)),1),0)),IF($G76="",0,IFERROR(WORKDAY(INDEX($L$3:$L$75,MATCH($G76,$A$3:$A$75,0)),1),0)),IF($H76="",0,IFERROR(WORKDAY(INDEX($L$3:$L$75,MATCH($H76,$A$3:$A$75,0)),1),0))))) | L76: =IF($A76="","",WORKDAY($K76,$I76-1)) | M76: =IF($A76="","",WORKDAY($N76,-($I76-1))) | N76: =IF($A76="","",IF(COUNTIF($F$77:$F$102,$A76)+COUNTIF($G$77:$G$102,$A76)+COUNTIF($H$77:$H$102,$A76)=0,設定!$B$3,MIN(IF(COUNTIF($F$77:$F$102,$A76)=0,999999,IFERROR(WORKDAY(_xlfn.MINIFS($M$77:$M$102,$F$77:$F$102,$A76),-1),999999)),IF(COUNTIF($G$77:$G$102,$A76)=0,999999,IFERROR(WORKDAY(_xlfn.MINIFS($M$77:$M$102,$G$77:$G$102,$A76),-1),999999)),IF(COUNTIF($H$77:$H$102,$A76)=0,999999,IFERROR(WORKDAY(_xlfn.MINIFS($M$77:$M$102,$H$77:$H$102,$A76),-1),999999))))) | O76: =IF($A76="","",NETWORKDAYS($K76,$M76)-1) | P76: =IF($A76="","",IF($O76<=0,"クリティカル","")) | Q76: =IF($A76="","",IF(AND($J76<>"完了",TODAY()>$L76),"遅延","")) | R76: =IF($A76="","",_xlfn.TEXTJOIN(", ",TRUE(),IF($F76="","",IF(IFERROR(INDEX($J$3:$J$102,MATCH($F76,$A$3:$A$102,0)),"")<>"完了",IFERROR(INDEX($C$3:$C$102,MATCH($F76,$A$3:$A$102,0)),""),"")),IF($G76="","",IF(IFERROR(INDEX($J$3:$J$102,MATCH($G76,$A$3:$A$102,0)),"")<>"完了",IFERROR(INDEX($C$3:$C$102,MATCH($G76,$A$3:$A$102,0)),""),"")),IF($H76="","",IF(IFERROR(INDEX($J$3:$J$102,MATCH($H76,$A$3:$A$102,0)),"")<>"完了",IFERROR(INDEX($C$3:$C$102,MATCH($H76,$A$3:$A$102,0)),""),"")))) | S76: =IF($A76="","",IF($J76<>"完了",1,0))
K77: =IF($A77="","",IF(AND($F77="",$G77="",$H77=""),設定!$B$2,MAX(IF($F77="",0,IFERROR(WORKDAY(INDEX($L$3:$L$76,MATCH($F77,$A$3:$A$76,0)),1),0)),IF($G77="",0,IFERROR(WORKDAY(INDEX($L$3:$L$76,MATCH($G77,$A$3:$A$76,0)),1),0)),IF($H77="",0,IFERROR(WORKDAY(INDEX($L$3:$L$76,MATCH($H77,$A$3:$A$76,0)),1),0))))) | L77: =IF($A77="","",WORKDAY($K77,$I77-1)) | M77: =IF($A77="","",WORKDAY($N77,-($I77-1))) | N77: =IF($A77="","",IF(COUNTIF($F$78:$F$102,$A77)+COUNTIF($G$78:$G$102,$A77)+COUNTIF($H$78:$H$102,$A77)=0,設定!$B$3,MIN(IF(COUNTIF($F$78:$F$102,$A77)=0,999999,IFERROR(WORKDAY(_xlfn.MINIFS($M$78:$M$102,$F$78:$F$102,$A77),-1),999999)),IF(COUNTIF($G$78:$G$102,$A77)=0,999999,IFERROR(WORKDAY(_xlfn.MINIFS($M$78:$M$102,$G$78:$G$102,$A77),-1),999999)),IF(COUNTIF($H$78:$H$102,$A77)=0,999999,IFERROR(WORKDAY(_xlfn.MINIFS($M$78:$M$102,$H$78:$H$102,$A77),-1),999999))))) | O77: =IF($A77="","",NETWORKDAYS($K77,$M77)-1) | P77: =IF($A77="","",IF($O77<=0,"クリティカル","")) | Q77: =IF($A77="","",IF(AND($J77<>"完了",TODAY()>$L77),"遅延","")) | R77: =IF($A77="","",_xlfn.TEXTJOIN(", ",TRUE(),IF($F77="","",IF(IFERROR(INDEX($J$3:$J$102,MATCH($F77,$A$3:$A$102,0)),"")<>"完了",IFERROR(INDEX($C$3:$C$102,MATCH($F77,$A$3:$A$102,0)),""),"")),IF($G77="","",IF(IFERROR(INDEX($J$3:$J$102,MATCH($G77,$A$3:$A$102,0)),"")<>"完了",IFERROR(INDEX($C$3:$C$102,MATCH($G77,$A$3:$A$102,0)),""),"")),IF($H77="","",IF(IFERROR(INDEX($J$3:$J$102,MATCH($H77,$A$3:$A$102,0)),"")<>"完了",IFERROR(INDEX($C$3:$C$102,MATCH($H77,$A$3:$A$102,0)),""),"")))) | S77: =IF($A77="","",IF($J77<>"完了",1,0))
K78: =IF($A78="","",IF(AND($F78="",$G78="",$H78=""),設定!$B$2,MAX(IF($F78="",0,IFERROR(WORKDAY(INDEX($L$3:$L$77,MATCH($F78,$A$3:$A$77,0)),1),0)),IF($G78="",0,IFERROR(WORKDAY(INDEX($L$3:$L$77,MATCH($G78,$A$3:$A$77,0)),1),0)),IF($H78="",0,IFERROR(WORKDAY(INDEX($L$3:$L$77,MATCH($H78,$A$3:$A$77,0)),1),0))))) | L78: =IF($A78="","",WORKDAY($K78,$I78-1)) | M78: =IF($A78="","",WORKDAY($N78,-($I78-1))) | N78: =IF($A78="","",IF(COUNTIF($F$79:$F$102,$A78)+COUNTIF($G$79:$G$102,$A78)+COUNTIF($H$79:$H$102,$A78)=0,設定!$B$3,MIN(IF(COUNTIF($F$79:$F$102,$A78)=0,999999,IFERROR(WORKDAY(_xlfn.MINIFS($M$79:$M$102,$F$79:$F$102,$A78),-1),999999)),IF(COUNTIF($G$79:$G$102,$A78)=0,999999,IFERROR(WORKDAY(_xlfn.MINIFS($M$79:$M$102,$G$79:$G$102,$A78),-1),999999)),IF(COUNTIF($H$79:$H$102,$A78)=0,999999,IFERROR(WORKDAY(_xlfn.MINIFS($M$79:$M$102,$H$79:$H$102,$A78),-1),999999))))) | O78: =IF($A78="","",NETWORKDAYS($K78,$M78)-1) | P78: =IF($A78="","",IF($O78<=0,"クリティカル","")) | Q78: =IF($A78="","",IF(AND($J78<>"完了",TODAY()>$L78),"遅延","")) | R78: =IF($A78="","",_xlfn.TEXTJOIN(", ",TRUE(),IF($F78="","",IF(IFERROR(INDEX($J$3:$J$102,MATCH($F78,$A$3:$A$102,0)),"")<>"完了",IFERROR(INDEX($C$3:$C$102,MATCH($F78,$A$3:$A$102,0)),""),"")),IF($G78="","",IF(IFERROR(INDEX($J$3:$J$102,MATCH($G78,$A$3:$A$102,0)),"")<>"完了",IFERROR(INDEX($C$3:$C$102,MATCH($G78,$A$3:$A$102,0)),""),"")),IF($H78="","",IF(IFERROR(INDEX($J$3:$J$102,MATCH($H78,$A$3:$A$102,0)),"")<>"完了",IFERROR(INDEX($C$3:$C$102,MATCH($H78,$A$3:$A$102,0)),""),"")))) | S78: =IF($A78="","",IF($J78<>"完了",1,0))
K79: =IF($A79="","",IF(AND($F79="",$G79="",$H79=""),設定!$B$2,MAX(IF($F79="",0,IFERROR(WORKDAY(INDEX($L$3:$L$78,MATCH($F79,$A$3:$A$78,0)),1),0)),IF($G79="",0,IFERROR(WORKDAY(INDEX($L$3:$L$78,MATCH($G79,$A$3:$A$78,0)),1),0)),IF($H79="",0,IFERROR(WORKDAY(INDEX($L$3:$L$78,MATCH($H79,$A$3:$A$78,0)),1),0))))) | L79: =IF($A79="","",WORKDAY($K79,$I79-1)) | M79: =IF($A79="","",WORKDAY($N79,-($I79-1))) | N79: =IF($A79="","",IF(COUNTIF($F$80:$F$102,$A79)+COUNTIF($G$80:$G$102,$A79)+COUNTIF($H$80:$H$102,$A79)=0,設定!$B$3,MIN(IF(COUNTIF($F$80:$F$102,$A79)=0,999999,IFERROR(WORKDAY(_xlfn.MINIFS($M$80:$M$102,$F$80:$F$102,$A79),-1),999999)),IF(COUNTIF($G$80:$G$102,$A79)=0,999999,IFERROR(WORKDAY(_xlfn.MINIFS($M$80:$M$102,$G$80:$G$102,$A79),-1),999999)),IF(COUNTIF($H$80:$H$102,$A79)=0,999999,IFERROR(WORKDAY(_xlfn.MINIFS($M$80:$M$102,$H$80:$H$102,$A79),-1),999999))))) | O79: =IF($A79="","",NETWORKDAYS($K79,$M79)-1) | P79: =IF($A79="","",IF($O79<=0,"クリティカル","")) | Q79: =IF($A79="","",IF(AND($J79<>"完了",TODAY()>$L79),"遅延","")) | R79: =IF($A79="","",_xlfn.TEXTJOIN(", ",TRUE(),IF($F79="","",IF(IFERROR(INDEX($J$3:$J$102,MATCH($F79,$A$3:$A$102,0)),"")<>"完了",IFERROR(INDEX($C$3:$C$102,MATCH($F79,$A$3:$A$102,0)),""),"")),IF($G79="","",IF(IFERROR(INDEX($J$3:$J$102,MATCH($G79,$A$3:$A$102,0)),"")<>"完了",IFERROR(INDEX($C$3:$C$102,MATCH($G79,$A$3:$A$102,0)),""),"")),IF($H79="","",IF(IFERROR(INDEX($J$3:$J$102,MATCH($H79,$A$3:$A$102,0)),"")<>"完了",IFERROR(INDEX($C$3:$C$102,MATCH($H79,$A$3:$A$102,0)),""),"")))) | S79: =IF($A79="","",IF($J79<>"完了",1,0))
K80: =IF($A80="","",IF(AND($F80="",$G80="",$H80=""),設定!$B$2,MAX(IF($F80="",0,IFERROR(WORKDAY(INDEX($L$3:$L$79,MATCH($F80,$A$3:$A$79,0)),1),0)),IF($G80="",0,IFERROR(WORKDAY(INDEX($L$3:$L$79,MATCH($G80,$A$3:$A$79,0)),1),0)),IF($H80="",0,IFERROR(WORKDAY(INDEX($L$3:$L$79,MATCH($H80,$A$3:$A$79,0)),1),0))))) | L80: =IF($A80="","",WORKDAY($K80,$I80-1)) | M80: =IF($A80="","",WORKDAY($N80,-($I80-1))) | N80: =IF($A80="","",IF(COUNTIF($F$81:$F$102,$A80)+COUNTIF($G$81:$G$102,$A80)+COUNTIF($H$81:$H$102,$A80)=0,設定!$B$3,MIN(IF(COUNTIF($F$81:$F$102,$A80)=0,999999,IFERROR(WORKDAY(_xlfn.MINIFS($M$81:$M$102,$F$81:$F$102,$A80),-1),999999)),IF(COUNTIF($G$81:$G$102,$A80)=0,999999,IFERROR(WORKDAY(_xlfn.MINIFS($M$81:$M$102,$G$81:$G$102,$A80),-1),999999)),IF(COUNTIF($H$81:$H$102,$A80)=0,999999,IFERROR(WORKDAY(_xlfn.MINIFS($M$81:$M$102,$H$81:$H$102,$A80),-1),999999))))) | O80: =IF($A80="","",NETWORKDAYS($K80,$M80)-1) | P80: =IF($A80="","",IF($O80<=0,"クリティカル","")) | Q80: =IF($A80="","",IF(AND($J80<>"完了",TODAY()>$L80),"遅延","")) | R80: =IF($A80="","",_xlfn.TEXTJOIN(", ",TRUE(),IF($F80="","",IF(IFERROR(INDEX($J$3:$J$102,MATCH($F80,$A$3:$A$102,0)),"")<>"完了",IFERROR(INDEX($C$3:$C$102,MATCH($F80,$A$3:$A$102,0)),""),"")),IF($G80="","",IF(IFERROR(INDEX($J$3:$J$102,MATCH($G80,$A$3:$A$102,0)),"")<>"完了",IFERROR(INDEX($C$3:$C$102,MATCH($G80,$A$3:$A$102,0)),""),"")),IF($H80="","",IF(IFERROR(INDEX($J$3:$J$102,MATCH($H80,$A$3:$A$102,0)),"")<>"完了",IFERROR(INDEX($C$3:$C$102,MATCH($H80,$A$3:$A$102,0)),""),"")))) | S80: =IF($A80="","",IF($J80<>"完了",1,0))
K81: =IF($A81="","",IF(AND($F81="",$G81="",$H81=""),設定!$B$2,MAX(IF($F81="",0,IFERROR(WORKDAY(INDEX($L$3:$L$80,MATCH($F81,$A$3:$A$80,0)),1),0)),IF($G81="",0,IFERROR(WORKDAY(INDEX($L$3:$L$80,MATCH($G81,$A$3:$A$80,0)),1),0)),IF($H81="",0,IFERROR(WORKDAY(INDEX($L$3:$L$80,MATCH($H81,$A$3:$A$80,0)),1),0))))) | L81: =IF($A81="","",WORKDAY($K81,$I81-1)) | M81: =IF($A81="","",WORKDAY($N81,-($I81-1))) | N81: =IF($A81="","",IF(COUNTIF($F$82:$F$102,$A81)+COUNTIF($G$82:$G$102,$A81)+COUNTIF($H$82:$H$102,$A81)=0,設定!$B$3,MIN(IF(COUNTIF($F$82:$F$102,$A81)=0,999999,IFERROR(WORKDAY(_xlfn.MINIFS($M$82:$M$102,$F$82:$F$102,$A81),-1),999999)),IF(COUNTIF($G$82:$G$102,$A81)=0,999999,IFERROR(WORKDAY(_xlfn.MINIFS($M$82:$M$102,$G$82:$G$102,$A81),-1),999999)),IF(COUNTIF($H$82:$H$102,$A81)=0,999999,IFERROR(WORKDAY(_xlfn.MINIFS($M$82:$M$102,$H$82:$H$102,$A81),-1),999999))))) | O81: =IF($A81="","",NETWORKDAYS($K81,$M81)-1) | P81: =IF($A81="","",IF($O81<=0,"クリティカル","")) | Q81: =IF($A81="","",IF(AND($J81<>"完了",TODAY()>$L81),"遅延","")) | R81: =IF($A81="","",_xlfn.TEXTJOIN(", ",TRUE(),IF($F81="","",IF(IFERROR(INDEX($J$3:$J$102,MATCH($F81,$A$3:$A$102,0)),"")<>"完了",IFERROR(INDEX($C$3:$C$102,MATCH($F81,$A$3:$A$102,0)),""),"")),IF($G81="","",IF(IFERROR(INDEX($J$3:$J$102,MATCH($G81,$A$3:$A$102,0)),"")<>"完了",IFERROR(INDEX($C$3:$C$102,MATCH($G81,$A$3:$A$102,0)),""),"")),IF($H81="","",IF(IFERROR(INDEX($J$3:$J$102,MATCH($H81,$A$3:$A$102,0)),"")<>"完了",IFERROR(INDEX($C$3:$C$102,MATCH($H81,$A$3:$A$102,0)),""),"")))) | S81: =IF($A81="","",IF($J81<>"完了",1,0))
K82: =IF($A82="","",IF(AND($F82="",$G82="",$H82=""),設定!$B$2,MAX(IF($F82="",0,IFERROR(WORKDAY(INDEX($L$3:$L$81,MATCH($F82,$A$3:$A$81,0)),1),0)),IF($G82="",0,IFERROR(WORKDAY(INDEX($L$3:$L$81,MATCH($G82,$A$3:$A$81,0)),1),0)),IF($H82="",0,IFERROR(WORKDAY(INDEX($L$3:$L$81,MATCH($H82,$A$3:$A$81,0)),1),0))))) | L82: =IF($A82="","",WORKDAY($K82,$I82-1)) | M82: =IF($A82="","",WORKDAY($N82,-($I82-1))) | N82: =IF($A82="","",IF(COUNTIF($F$83:$F$102,$A82)+COUNTIF($G$83:$G$102,$A82)+COUNTIF($H$83:$H$102,$A82)=0,設定!$B$3,MIN(IF(COUNTIF($F$83:$F$102,$A82)=0,999999,IFERROR(WORKDAY(_xlfn.MINIFS($M$83:$M$102,$F$83:$F$102,$A82),-1),999999)),IF(COUNTIF($G$83:$G$102,$A82)=0,999999,IFERROR(WORKDAY(_xlfn.MINIFS($M$83:$M$102,$G$83:$G$102,$A82),-1),999999)),IF(COUNTIF($H$83:$H$102,$A82)=0,999999,IFERROR(WORKDAY(_xlfn.MINIFS($M$83:$M$102,$H$83:$H$102,$A82),-1),999999))))) | O82: =IF($A82="","",NETWORKDAYS($K82,$M82)-1) | P82: =IF($A82="","",IF($O82<=0,"クリティカル","")) | Q82: =IF($A82="","",IF(AND($J82<>"完了",TODAY()>$L82),"遅延","")) | R82: =IF($A82="","",_xlfn.TEXTJOIN(", ",TRUE(),IF($F82="","",IF(IFERROR(INDEX($J$3:$J$102,MATCH($F82,$A$3:$A$102,0)),"")<>"完了",IFERROR(INDEX($C$3:$C$102,MATCH($F82,$A$3:$A$102,0)),""),"")),IF($G82="","",IF(IFERROR(INDEX($J$3:$J$102,MATCH($G82,$A$3:$A$102,0)),"")<>"完了",IFERROR(INDEX($C$3:$C$102,MATCH($G82,$A$3:$A$102,0)),""),"")),IF($H82="","",IF(IFERROR(INDEX($J$3:$J$102,MATCH($H82,$A$3:$A$102,0)),"")<>"完了",IFERROR(INDEX($C$3:$C$102,MATCH($H82,$A$3:$A$102,0)),""),"")))) | S82: =IF($A82="","",IF($J82<>"完了",1,0))
K83: =IF($A83="","",IF(AND($F83="",$G83="",$H83=""),設定!$B$2,MAX(IF($F83="",0,IFERROR(WORKDAY(INDEX($L$3:$L$82,MATCH($F83,$A$3:$A$82,0)),1),0)),IF($G83="",0,IFERROR(WORKDAY(INDEX($L$3:$L$82,MATCH($G83,$A$3:$A$82,0)),1),0)),IF($H83="",0,IFERROR(WORKDAY(INDEX($L$3:$L$82,MATCH($H83,$A$3:$A$82,0)),1),0))))) | L83: =IF($A83="","",WORKDAY($K83,$I83-1)) | M83: =IF($A83="","",WORKDAY($N83,-($I83-1))) | N83: =IF($A83="","",IF(COUNTIF($F$84:$F$102,$A83)+COUNTIF($G$84:$G$102,$A83)+COUNTIF($H$84:$H$102,$A83)=0,設定!$B$3,MIN(IF(COUNTIF($F$84:$F$102,$A83)=0,999999,IFERROR(WORKDAY(_xlfn.MINIFS($M$84:$M$102,$F$84:$F$102,$A83),-1),999999)),IF(COUNTIF($G$84:$G$102,$A83)=0,999999,IFERROR(WORKDAY(_xlfn.MINIFS($M$84:$M$102,$G$84:$G$102,$A83),-1),999999)),IF(COUNTIF($H$84:$H$102,$A83)=0,999999,IFERROR(WORKDAY(_xlfn.MINIFS($M$84:$M$102,$H$84:$H$102,$A83),-1),999999))))) | O83: =IF($A83="","",NETWORKDAYS($K83,$M83)-1) | P83: =IF($A83="","",IF($O83<=0,"クリティカル","")) | Q83: =IF($A83="","",IF(AND($J83<>"完了",TODAY()>$L83),"遅延","")) | R83: =IF($A83="","",_xlfn.TEXTJOIN(", ",TRUE(),IF($F83="","",IF(IFERROR(INDEX($J$3:$J$102,MATCH($F83,$A$3:$A$102,0)),"")<>"完了",IFERROR(INDEX($C$3:$C$102,MATCH($F83,$A$3:$A$102,0)),""),"")),IF($G83="","",IF(IFERROR(INDEX($J$3:$J$102,MATCH($G83,$A$3:$A$102,0)),"")<>"完了",IFERROR(INDEX($C$3:$C$102,MATCH($G83,$A$3:$A$102,0)),""),"")),IF($H83="","",IF(IFERROR(INDEX($J$3:$J$102,MATCH($H83,$A$3:$A$102,0)),"")<>"完了",IFERROR(INDEX($C$3:$C$102,MATCH($H83,$A$3:$A$102,0)),""),"")))) | S83: =IF($A83="","",IF($J83<>"完了",1,0))
K84: =IF($A84="","",IF(AND($F84="",$G84="",$H84=""),設定!$B$2,MAX(IF($F84="",0,IFERROR(WORKDAY(INDEX($L$3:$L$83,MATCH($F84,$A$3:$A$83,0)),1),0)),IF($G84="",0,IFERROR(WORKDAY(INDEX($L$3:$L$83,MATCH($G84,$A$3:$A$83,0)),1),0)),IF($H84="",0,IFERROR(WORKDAY(INDEX($L$3:$L$83,MATCH($H84,$A$3:$A$83,0)),1),0))))) | L84: =IF($A84="","",WORKDAY($K84,$I84-1)) | M84: =IF($A84="","",WORKDAY($N84,-($I84-1))) | N84: =IF($A84="","",IF(COUNTIF($F$85:$F$102,$A84)+COUNTIF($G$85:$G$102,$A84)+COUNTIF($H$85:$H$102,$A84)=0,設定!$B$3,MIN(IF(COUNTIF($F$85:$F$102,$A84)=0,999999,IFERROR(WORKDAY(_xlfn.MINIFS($M$85:$M$102,$F$85:$F$102,$A84),-1),999999)),IF(COUNTIF($G$85:$G$102,$A84)=0,999999,IFERROR(WORKDAY(_xlfn.MINIFS($M$85:$M$102,$G$85:$G$102,$A84),-1),999999)),IF(COUNTIF($H$85:$H$102,$A84)=0,999999,IFERROR(WORKDAY(_xlfn.MINIFS($M$85:$M$102,$H$85:$H$102,$A84),-1),999999))))) | O84: =IF($A84="","",NETWORKDAYS($K84,$M84)-1) | P84: =IF($A84="","",IF($O84<=0,"クリティカル","")) | Q84: =IF($A84="","",IF(AND($J84<>"完了",TODAY()>$L84),"遅延","")) | R84: =IF($A84="","",_xlfn.TEXTJOIN(", ",TRUE(),IF($F84="","",IF(IFERROR(INDEX($J$3:$J$102,MATCH($F84,$A$3:$A$102,0)),"")<>"完了",IFERROR(INDEX($C$3:$C$102,MATCH($F84,$A$3:$A$102,0)),""),"")),IF($G84="","",IF(IFERROR(INDEX($J$3:$J$102,MATCH($G84,$A$3:$A$102,0)),"")<>"完了",IFERROR(INDEX($C$3:$C$102,MATCH($G84,$A$3:$A$102,0)),""),"")),IF($H84="","",IF(IFERROR(INDEX($J$3:$J$102,MATCH($H84,$A$3:$A$102,0)),"")<>"完了",IFERROR(INDEX($C$3:$C$102,MATCH($H84,$A$3:$A$102,0)),""),"")))) | S84: =IF($A84="","",IF($J84<>"完了",1,0))
K85: =IF($A85="","",IF(AND($F85="",$G85="",$H85=""),設定!$B$2,MAX(IF($F85="",0,IFERROR(WORKDAY(INDEX($L$3:$L$84,MATCH($F85,$A$3:$A$84,0)),1),0)),IF($G85="",0,IFERROR(WORKDAY(INDEX($L$3:$L$84,MATCH($G85,$A$3:$A$84,0)),1),0)),IF($H85="",0,IFERROR(WORKDAY(INDEX($L$3:$L$84,MATCH($H85,$A$3:$A$84,0)),1),0))))) | L85: =IF($A85="","",WORKDAY($K85,$I85-1)) | M85: =IF($A85="","",WORKDAY($N85,-($I85-1))) | N85: =IF($A85="","",IF(COUNTIF($F$86:$F$102,$A85)+COUNTIF($G$86:$G$102,$A85)+COUNTIF($H$86:$H$102,$A85)=0,設定!$B$3,MIN(IF(COUNTIF($F$86:$F$102,$A85)=0,999999,IFERROR(WORKDAY(_xlfn.MINIFS($M$86:$M$102,$F$86:$F$102,$A85),-1),999999)),IF(COUNTIF($G$86:$G$102,$A85)=0,999999,IFERROR(WORKDAY(_xlfn.MINIFS($M$86:$M$102,$G$86:$G$102,$A85),-1),999999)),IF(COUNTIF($H$86:$H$102,$A85)=0,999999,IFERROR(WORKDAY(_xlfn.MINIFS($M$86:$M$102,$H$86:$H$102,$A85),-1),999999))))) | O85: =IF($A85="","",NETWORKDAYS($K85,$M85)-1) | P85: =IF($A85="","",IF($O85<=0,"クリティカル","")) | Q85: =IF($A85="","",IF(AND($J85<>"完了",TODAY()>$L85),"遅延","")) | R85: =IF($A85="","",_xlfn.TEXTJOIN(", ",TRUE(),IF($F85="","",IF(IFERROR(INDEX($J$3:$J$102,MATCH($F85,$A$3:$A$102,0)),"")<>"完了",IFERROR(INDEX($C$3:$C$102,MATCH($F85,$A$3:$A$102,0)),""),"")),IF($G85="","",IF(IFERROR(INDEX($J$3:$J$102,MATCH($G85,$A$3:$A$102,0)),"")<>"完了",IFERROR(INDEX($C$3:$C$102,MATCH($G85,$A$3:$A$102,0)),""),"")),IF($H85="","",IF(IFERROR(INDEX($J$3:$J$102,MATCH($H85,$A$3:$A$102,0)),"")<>"完了",IFERROR(INDEX($C$3:$C$102,MATCH($H85,$A$3:$A$102,0)),""),"")))) | S85: =IF($A85="","",IF($J85<>"完了",1,0))
K86: =IF($A86="","",IF(AND($F86="",$G86="",$H86=""),設定!$B$2,MAX(IF($F86="",0,IFERROR(WORKDAY(INDEX($L$3:$L$85,MATCH($F86,$A$3:$A$85,0)),1),0)),IF($G86="",0,IFERROR(WORKDAY(INDEX($L$3:$L$85,MATCH($G86,$A$3:$A$85,0)),1),0)),IF($H86="",0,IFERROR(WORKDAY(INDEX($L$3:$L$85,MATCH($H86,$A$3:$A$85,0)),1),0))))) | L86: =IF($A86="","",WORKDAY($K86,$I86-1)) | M86: =IF($A86="","",WORKDAY($N86,-($I86-1))) | N86: =IF($A86="","",IF(COUNTIF($F$87:$F$102,$A86)+COUNTIF($G$87:$G$102,$A86)+COUNTIF($H$87:$H$102,$A86)=0,設定!$B$3,MIN(IF(COUNTIF($F$87:$F$102,$A86)=0,999999,IFERROR(WORKDAY(_xlfn.MINIFS($M$87:$M$102,$F$87:$F$102,$A86),-1),999999)),IF(COUNTIF($G$87:$G$102,$A86)=0,999999,IFERROR(WORKDAY(_xlfn.MINIFS($M$87:$M$102,$G$87:$G$102,$A86),-1),999999)),IF(COUNTIF($H$87:$H$102,$A86)=0,999999,IFERROR(WORKDAY(_xlfn.MINIFS($M$87:$M$102,$H$87:$H$102,$A86),-1),999999))))) | O86: =IF($A86="","",NETWORKDAYS($K86,$M86)-1) | P86: =IF($A86="","",IF($O86<=0,"クリティカル","")) | Q86: =IF($A86="","",IF(AND($J86<>"完了",TODAY()>$L86),"遅延","")) | R86: =IF($A86="","",_xlfn.TEXTJOIN(", ",TRUE(),IF($F86="","",IF(IFERROR(INDEX($J$3:$J$102,MATCH($F86,$A$3:$A$102,0)),"")<>"完了",IFERROR(INDEX($C$3:$C$102,MATCH($F86,$A$3:$A$102,0)),""),"")),IF($G86="","",IF(IFERROR(INDEX($J$3:$J$102,MATCH($G86,$A$3:$A$102,0)),"")<>"完了",IFERROR(INDEX($C$3:$C$102,MATCH($G86,$A$3:$A$102,0)),""),"")),IF($H86="","",IF(IFERROR(INDEX($J$3:$J$102,MATCH($H86,$A$3:$A$102,0)),"")<>"完了",IFERROR(INDEX($C$3:$C$102,MATCH($H86,$A$3:$A$102,0)),""),"")))) | S86: =IF($A86="","",IF($J86<>"完了",1,0))
K87: =IF($A87="","",IF(AND($F87="",$G87="",$H87=""),設定!$B$2,MAX(IF($F87="",0,IFERROR(WORKDAY(INDEX($L$3:$L$86,MATCH($F87,$A$3:$A$86,0)),1),0)),IF($G87="",0,IFERROR(WORKDAY(INDEX($L$3:$L$86,MATCH($G87,$A$3:$A$86,0)),1),0)),IF($H87="",0,IFERROR(WORKDAY(INDEX($L$3:$L$86,MATCH($H87,$A$3:$A$86,0)),1),0))))) | L87: =IF($A87="","",WORKDAY($K87,$I87-1)) | M87: =IF($A87="","",WORKDAY($N87,-($I87-1))) | N87: =IF($A87="","",IF(COUNTIF($F$88:$F$102,$A87)+COUNTIF($G$88:$G$102,$A87)+COUNTIF($H$88:$H$102,$A87)=0,設定!$B$3,MIN(IF(COUNTIF($F$88:$F$102,$A87)=0,999999,IFERROR(WORKDAY(_xlfn.MINIFS($M$88:$M$102,$F$88:$F$102,$A87),-1),999999)),IF(COUNTIF($G$88:$G$102,$A87)=0,999999,IFERROR(WORKDAY(_xlfn.MINIFS($M$88:$M$102,$G$88:$G$102,$A87),-1),999999)),IF(COUNTIF($H$88:$H$102,$A87)=0,999999,IFERROR(WORKDAY(_xlfn.MINIFS($M$88:$M$102,$H$88:$H$102,$A87),-1),999999))))) | O87: =IF($A87="","",NETWORKDAYS($K87,$M87)-1) | P87: =IF($A87="","",IF($O87<=0,"クリティカル","")) | Q87: =IF($A87="","",IF(AND($J87<>"完了",TODAY()>$L87),"遅延","")) | R87: =IF($A87="","",_xlfn.TEXTJOIN(", ",TRUE(),IF($F87="","",IF(IFERROR(INDEX($J$3:$J$102,MATCH($F87,$A$3:$A$102,0)),"")<>"完了",IFERROR(INDEX($C$3:$C$102,MATCH($F87,$A$3:$A$102,0)),""),"")),IF($G87="","",IF(IFERROR(INDEX($J$3:$J$102,MATCH($G87,$A$3:$A$102,0)),"")<>"完了",IFERROR(INDEX($C$3:$C$102,MATCH($G87,$A$3:$A$102,0)),""),"")),IF($H87="","",IF(IFERROR(INDEX($J$3:$J$102,MATCH($H87,$A$3:$A$102,0)),"")<>"完了",IFERROR(INDEX($C$3:$C$102,MATCH($H87,$A$3:$A$102,0)),""),"")))) | S87: =IF($A87="","",IF($J87<>"完了",1,0))
K88: =IF($A88="","",IF(AND($F88="",$G88="",$H88=""),設定!$B$2,MAX(IF($F88="",0,IFERROR(WORKDAY(INDEX($L$3:$L$87,MATCH($F88,$A$3:$A$87,0)),1),0)),IF($G88="",0,IFERROR(WORKDAY(INDEX($L$3:$L$87,MATCH($G88,$A$3:$A$87,0)),1),0)),IF($H88="",0,IFERROR(WORKDAY(INDEX($L$3:$L$87,MATCH($H88,$A$3:$A$87,0)),1),0))))) | L88: =IF($A88="","",WORKDAY($K88,$I88-1)) | M88: =IF($A88="","",WORKDAY($N88,-($I88-1))) | N88: =IF($A88="","",IF(COUNTIF($F$89:$F$102,$A88)+COUNTIF($G$89:$G$102,$A88)+COUNTIF($H$89:$H$102,$A88)=0,設定!$B$3,MIN(IF(COUNTIF($F$89:$F$102,$A88)=0,999999,IFERROR(WORKDAY(_xlfn.MINIFS($M$89:$M$102,$F$89:$F$102,$A88),-1),999999)),IF(COUNTIF($G$89:$G$102,$A88)=0,999999,IFERROR(WORKDAY(_xlfn.MINIFS($M$89:$M$102,$G$89:$G$102,$A88),-1),999999)),IF(COUNTIF($H$89:$H$102,$A88)=0,999999,IFERROR(WORKDAY(_xlfn.MINIFS($M$89:$M$102,$H$89:$H$102,$A88),-1),999999))))) | O88: =IF($A88="","",NETWORKDAYS($K88,$M88)-1) | P88: =IF($A88="","",IF($O88<=0,"クリティカル","")) | Q88: =IF($A88="","",IF(AND($J88<>"完了",TODAY()>$L88),"遅延","")) | R88: =IF($A88="","",_xlfn.TEXTJOIN(", ",TRUE(),IF($F88="","",IF(IFERROR(INDEX($J$3:$J$102,MATCH($F88,$A$3:$A$102,0)),"")<>"完了",IFERROR(INDEX($C$3:$C$102,MATCH($F88,$A$3:$A$102,0)),""),"")),IF($G88="","",IF(IFERROR(INDEX($J$3:$J$102,MATCH($G88,$A$3:$A$102,0)),"")<>"完了",IFERROR(INDEX($C$3:$C$102,MATCH($G88,$A$3:$A$102,0)),""),"")),IF($H88="","",IF(IFERROR(INDEX($J$3:$J$102,MATCH($H88,$A$3:$A$102,0)),"")<>"完了",IFERROR(INDEX($C$3:$C$102,MATCH($H88,$A$3:$A$102,0)),""),"")))) | S88: =IF($A88="","",IF($J88<>"完了",1,0))
K89: =IF($A89="","",IF(AND($F89="",$G89="",$H89=""),設定!$B$2,MAX(IF($F89="",0,IFERROR(WORKDAY(INDEX($L$3:$L$88,MATCH($F89,$A$3:$A$88,0)),1),0)),IF($G89="",0,IFERROR(WORKDAY(INDEX($L$3:$L$88,MATCH($G89,$A$3:$A$88,0)),1),0)),IF($H89="",0,IFERROR(WORKDAY(INDEX($L$3:$L$88,MATCH($H89,$A$3:$A$88,0)),1),0))))) | L89: =IF($A89="","",WORKDAY($K89,$I89-1)) | M89: =IF($A89="","",WORKDAY($N89,-($I89-1))) | N89: =IF($A89="","",IF(COUNTIF($F$90:$F$102,$A89)+COUNTIF($G$90:$G$102,$A89)+COUNTIF($H$90:$H$102,$A89)=0,設定!$B$3,MIN(IF(COUNTIF($F$90:$F$102,$A89)=0,999999,IFERROR(WORKDAY(_xlfn.MINIFS($M$90:$M$102,$F$90:$F$102,$A89),-1),999999)),IF(COUNTIF($G$90:$G$102,$A89)=0,999999,IFERROR(WORKDAY(_xlfn.MINIFS($M$90:$M$102,$G$90:$G$102,$A89),-1),999999)),IF(COUNTIF($H$90:$H$102,$A89)=0,999999,IFERROR(WORKDAY(_xlfn.MINIFS($M$90:$M$102,$H$90:$H$102,$A89),-1),999999))))) | O89: =IF($A89="","",NETWORKDAYS($K89,$M89)-1) | P89: =IF($A89="","",IF($O89<=0,"クリティカル","")) | Q89: =IF($A89="","",IF(AND($J89<>"完了",TODAY()>$L89),"遅延","")) | R89: =IF($A89="","",_xlfn.TEXTJOIN(", ",TRUE(),IF($F89="","",IF(IFERROR(INDEX($J$3:$J$102,MATCH($F89,$A$3:$A$102,0)),"")<>"完了",IFERROR(INDEX($C$3:$C$102,MATCH($F89,$A$3:$A$102,0)),""),"")),IF($G89="","",IF(IFERROR(INDEX($J$3:$J$102,MATCH($G89,$A$3:$A$102,0)),"")<>"完了",IFERROR(INDEX($C$3:$C$102,MATCH($G89,$A$3:$A$102,0)),""),"")),IF($H89="","",IF(IFERROR(INDEX($J$3:$J$102,MATCH($H89,$A$3:$A$102,0)),"")<>"完了",IFERROR(INDEX($C$3:$C$102,MATCH($H89,$A$3:$A$102,0)),""),"")))) | S89: =IF($A89="","",IF($J89<>"完了",1,0))
K90: =IF($A90="","",IF(AND($F90="",$G90="",$H90=""),設定!$B$2,MAX(IF($F90="",0,IFERROR(WORKDAY(INDEX($L$3:$L$89,MATCH($F90,$A$3:$A$89,0)),1),0)),IF($G90="",0,IFERROR(WORKDAY(INDEX($L$3:$L$89,MATCH($G90,$A$3:$A$89,0)),1),0)),IF($H90="",0,IFERROR(WORKDAY(INDEX($L$3:$L$89,MATCH($H90,$A$3:$A$89,0)),1),0))))) | L90: =IF($A90="","",WORKDAY($K90,$I90-1)) | M90: =IF($A90="","",WORKDAY($N90,-($I90-1))) | N90: =IF($A90="","",IF(COUNTIF($F$91:$F$102,$A90)+COUNTIF($G$91:$G$102,$A90)+COUNTIF($H$91:$H$102,$A90)=0,設定!$B$3,MIN(IF(COUNTIF($F$91:$F$102,$A90)=0,999999,IFERROR(WORKDAY(_xlfn.MINIFS($M$91:$M$102,$F$91:$F$102,$A90),-1),999999)),IF(COUNTIF($G$91:$G$102,$A90)=0,999999,IFERROR(WORKDAY(_xlfn.MINIFS($M$91:$M$102,$G$91:$G$102,$A90),-1),999999)),IF(COUNTIF($H$91:$H$102,$A90)=0,999999,IFERROR(WORKDAY(_xlfn.MINIFS($M$91:$M$102,$H$91:$H$102,$A90),-1),999999))))) | O90: =IF($A90="","",NETWORKDAYS($K90,$M90)-1) | P90: =IF($A90="","",IF($O90<=0,"クリティカル","")) | Q90: =IF($A90="","",IF(AND($J90<>"完了",TODAY()>$L90),"遅延","")) | R90: =IF($A90="","",_xlfn.TEXTJOIN(", ",TRUE(),IF($F90="","",IF(IFERROR(INDEX($J$3:$J$102,MATCH($F90,$A$3:$A$102,0)),"")<>"完了",IFERROR(INDEX($C$3:$C$102,MATCH($F90,$A$3:$A$102,0)),""),"")),IF($G90="","",IF(IFERROR(INDEX($J$3:$J$102,MATCH($G90,$A$3:$A$102,0)),"")<>"完了",IFERROR(INDEX($C$3:$C$102,MATCH($G90,$A$3:$A$102,0)),""),"")),IF($H90="","",IF(IFERROR(INDEX($J$3:$J$102,MATCH($H90,$A$3:$A$102,0)),"")<>"完了",IFERROR(INDEX($C$3:$C$102,MATCH($H90,$A$3:$A$102,0)),""),"")))) | S90: =IF($A90="","",IF($J90<>"完了",1,0))
K91: =IF($A91="","",IF(AND($F91="",$G91="",$H91=""),設定!$B$2,MAX(IF($F91="",0,IFERROR(WORKDAY(INDEX($L$3:$L$90,MATCH($F91,$A$3:$A$90,0)),1),0)),IF($G91="",0,IFERROR(WORKDAY(INDEX($L$3:$L$90,MATCH($G91,$A$3:$A$90,0)),1),0)),IF($H91="",0,IFERROR(WORKDAY(INDEX($L$3:$L$90,MATCH($H91,$A$3:$A$90,0)),1),0))))) | L91: =IF($A91="","",WORKDAY($K91,$I91-1)) | M91: =IF($A91="","",WORKDAY($N91,-($I91-1))) | N91: =IF($A91="","",IF(COUNTIF($F$92:$F$102,$A91)+COUNTIF($G$92:$G$102,$A91)+COUNTIF($H$92:$H$102,$A91)=0,設定!$B$3,MIN(IF(COUNTIF($F$92:$F$102,$A91)=0,999999,IFERROR(WORKDAY(_xlfn.MINIFS($M$92:$M$102,$F$92:$F$102,$A91),-1),999999)),IF(COUNTIF($G$92:$G$102,$A91)=0,999999,IFERROR(WORKDAY(_xlfn.MINIFS($M$92:$M$102,$G$92:$G$102,$A91),-1),999999)),IF(COUNTIF($H$92:$H$102,$A91)=0,999999,IFERROR(WORKDAY(_xlfn.MINIFS($M$92:$M$102,$H$92:$H$102,$A91),-1),999999))))) | O91: =IF($A91="","",NETWORKDAYS($K91,$M91)-1) | P91: =IF($A91="","",IF($O91<=0,"クリティカル","")) | Q91: =IF($A91="","",IF(AND($J91<>"完了",TODAY()>$L91),"遅延","")) | R91: =IF($A91="","",_xlfn.TEXTJOIN(", ",TRUE(),IF($F91="","",IF(IFERROR(INDEX($J$3:$J$102,MATCH($F91,$A$3:$A$102,0)),"")<>"完了",IFERROR(INDEX($C$3:$C$102,MATCH($F91,$A$3:$A$102,0)),""),"")),IF($G91="","",IF(IFERROR(INDEX($J$3:$J$102,MATCH($G91,$A$3:$A$102,0)),"")<>"完了",IFERROR(INDEX($C$3:$C$102,MATCH($G91,$A$3:$A$102,0)),""),"")),IF($H91="","",IF(IFERROR(INDEX($J$3:$J$102,MATCH($H91,$A$3:$A$102,0)),"")<>"完了",IFERROR(INDEX($C$3:$C$102,MATCH($H91,$A$3:$A$102,0)),""),"")))) | S91: =IF($A91="","",IF($J91<>"完了",1,0))
K92: =IF($A92="","",IF(AND($F92="",$G92="",$H92=""),設定!$B$2,MAX(IF($F92="",0,IFERROR(WORKDAY(INDEX($L$3:$L$91,MATCH($F92,$A$3:$A$91,0)),1),0)),IF($G92="",0,IFERROR(WORKDAY(INDEX($L$3:$L$91,MATCH($G92,$A$3:$A$91,0)),1),0)),IF($H92="",0,IFERROR(WORKDAY(INDEX($L$3:$L$91,MATCH($H92,$A$3:$A$91,0)),1),0))))) | L92: =IF($A92="","",WORKDAY($K92,$I92-1)) | M92: =IF($A92="","",WORKDAY($N92,-($I92-1))) | N92: =IF($A92="","",IF(COUNTIF($F$93:$F$102,$A92)+COUNTIF($G$93:$G$102,$A92)+COUNTIF($H$93:$H$102,$A92)=0,設定!$B$3,MIN(IF(COUNTIF($F$93:$F$102,$A92)=0,999999,IFERROR(WORKDAY(_xlfn.MINIFS($M$93:$M$102,$F$93:$F$102,$A92),-1),999999)),IF(COUNTIF($G$93:$G$102,$A92)=0,999999,IFERROR(WORKDAY(_xlfn.MINIFS($M$93:$M$102,$G$93:$G$102,$A92),-1),999999)),IF(COUNTIF($H$93:$H$102,$A92)=0,999999,IFERROR(WORKDAY(_xlfn.MINIFS($M$93:$M$102,$H$93:$H$102,$A92),-1),999999))))) | O92: =IF($A92="","",NETWORKDAYS($K92,$M92)-1) | P92: =IF($A92="","",IF($O92<=0,"クリティカル","")) | Q92: =IF($A92="","",IF(AND($J92<>"完了",TODAY()>$L92),"遅延","")) | R92: =IF($A92="","",_xlfn.TEXTJOIN(", ",TRUE(),IF($F92="","",IF(IFERROR(INDEX($J$3:$J$102,MATCH($F92,$A$3:$A$102,0)),"")<>"完了",IFERROR(INDEX($C$3:$C$102,MATCH($F92,$A$3:$A$102,0)),""),"")),IF($G92="","",IF(IFERROR(INDEX($J$3:$J$102,MATCH($G92,$A$3:$A$102,0)),"")<>"完了",IFERROR(INDEX($C$3:$C$102,MATCH($G92,$A$3:$A$102,0)),""),"")),IF($H92="","",IF(IFERROR(INDEX($J$3:$J$102,MATCH($H92,$A$3:$A$102,0)),"")<>"完了",IFERROR(INDEX($C$3:$C$102,MATCH($H92,$A$3:$A$102,0)),""),"")))) | S92: =IF($A92="","",IF($J92<>"完了",1,0))
K93: =IF($A93="","",IF(AND($F93="",$G93="",$H93=""),設定!$B$2,MAX(IF($F93="",0,IFERROR(WORKDAY(INDEX($L$3:$L$92,MATCH($F93,$A$3:$A$92,0)),1),0)),IF($G93="",0,IFERROR(WORKDAY(INDEX($L$3:$L$92,MATCH($G93,$A$3:$A$92,0)),1),0)),IF($H93="",0,IFERROR(WORKDAY(INDEX($L$3:$L$92,MATCH($H93,$A$3:$A$92,0)),1),0))))) | L93: =IF($A93="","",WORKDAY($K93,$I93-1)) | M93: =IF($A93="","",WORKDAY($N93,-($I93-1))) | N93: =IF($A93="","",IF(COUNTIF($F$94:$F$102,$A93)+COUNTIF($G$94:$G$102,$A93)+COUNTIF($H$94:$H$102,$A93)=0,設定!$B$3,MIN(IF(COUNTIF($F$94:$F$102,$A93)=0,999999,IFERROR(WORKDAY(_xlfn.MINIFS($M$94:$M$102,$F$94:$F$102,$A93),-1),999999)),IF(COUNTIF($G$94:$G$102,$A93)=0,999999,IFERROR(WORKDAY(_xlfn.MINIFS($M$94:$M$102,$G$94:$G$102,$A93),-1),999999)),IF(COUNTIF($H$94:$H$102,$A93)=0,999999,IFERROR(WORKDAY(_xlfn.MINIFS($M$94:$M$102,$H$94:$H$102,$A93),-1),999999))))) | O93: =IF($A93="","",NETWORKDAYS($K93,$M93)-1) | P93: =IF($A93="","",IF($O93<=0,"クリティカル","")) | Q93: =IF($A93="","",IF(AND($J93<>"完了",TODAY()>$L93),"遅延","")) | R93: =IF($A93="","",_xlfn.TEXTJOIN(", ",TRUE(),IF($F93="","",IF(IFERROR(INDEX($J$3:$J$102,MATCH($F93,$A$3:$A$102,0)),"")<>"完了",IFERROR(INDEX($C$3:$C$102,MATCH($F93,$A$3:$A$102,0)),""),"")),IF($G93="","",IF(IFERROR(INDEX($J$3:$J$102,MATCH($G93,$A$3:$A$102,0)),"")<>"完了",IFERROR(INDEX($C$3:$C$102,MATCH($G93,$A$3:$A$102,0)),""),"")),IF($H93="","",IF(IFERROR(INDEX($J$3:$J$102,MATCH($H93,$A$3:$A$102,0)),"")<>"完了",IFERROR(INDEX($C$3:$C$102,MATCH($H93,$A$3:$A$102,0)),""),"")))) | S93: =IF($A93="","",IF($J93<>"完了",1,0))
K94: =IF($A94="","",IF(AND($F94="",$G94="",$H94=""),設定!$B$2,MAX(IF($F94="",0,IFERROR(WORKDAY(INDEX($L$3:$L$93,MATCH($F94,$A$3:$A$93,0)),1),0)),IF($G94="",0,IFERROR(WORKDAY(INDEX($L$3:$L$93,MATCH($G94,$A$3:$A$93,0)),1),0)),IF($H94="",0,IFERROR(WORKDAY(INDEX($L$3:$L$93,MATCH($H94,$A$3:$A$93,0)),1),0))))) | L94: =IF($A94="","",WORKDAY($K94,$I94-1)) | M94: =IF($A94="","",WORKDAY($N94,-($I94-1))) | N94: =IF($A94="","",IF(COUNTIF($F$95:$F$102,$A94)+COUNTIF($G$95:$G$102,$A94)+COUNTIF($H$95:$H$102,$A94)=0,設定!$B$3,MIN(IF(COUNTIF($F$95:$F$102,$A94)=0,999999,IFERROR(WORKDAY(_xlfn.MINIFS($M$95:$M$102,$F$95:$F$102,$A94),-1),999999)),IF(COUNTIF($G$95:$G$102,$A94)=0,999999,IFERROR(WORKDAY(_xlfn.MINIFS($M$95:$M$102,$G$95:$G$102,$A94),-1),999999)),IF(COUNTIF($H$95:$H$102,$A94)=0,999999,IFERROR(WORKDAY(_xlfn.MINIFS($M$95:$M$102,$H$95:$H$102,$A94),-1),999999))))) | O94: =IF($A94="","",NETWORKDAYS($K94,$M94)-1) | P94: =IF($A94="","",IF($O94<=0,"クリティカル","")) | Q94: =IF($A94="","",IF(AND($J94<>"完了",TODAY()>$L94),"遅延","")) | R94: =IF($A94="","",_xlfn.TEXTJOIN(", ",TRUE(),IF($F94="","",IF(IFERROR(INDEX($J$3:$J$102,MATCH($F94,$A$3:$A$102,0)),"")<>"完了",IFERROR(INDEX($C$3:$C$102,MATCH($F94,$A$3:$A$102,0)),""),"")),IF($G94="","",IF(IFERROR(INDEX($J$3:$J$102,MATCH($G94,$A$3:$A$102,0)),"")<>"完了",IFERROR(INDEX($C$3:$C$102,MATCH($G94,$A$3:$A$102,0)),""),"")),IF($H94="","",IF(IFERROR(INDEX($J$3:$J$102,MATCH($H94,$A$3:$A$102,0)),"")<>"完了",IFERROR(INDEX($C$3:$C$102,MATCH($H94,$A$3:$A$102,0)),""),"")))) | S94: =IF($A94="","",IF($J94<>"完了",1,0))
K95: =IF($A95="","",IF(AND($F95="",$G95="",$H95=""),設定!$B$2,MAX(IF($F95="",0,IFERROR(WORKDAY(INDEX($L$3:$L$94,MATCH($F95,$A$3:$A$94,0)),1),0)),IF($G95="",0,IFERROR(WORKDAY(INDEX($L$3:$L$94,MATCH($G95,$A$3:$A$94,0)),1),0)),IF($H95="",0,IFERROR(WORKDAY(INDEX($L$3:$L$94,MATCH($H95,$A$3:$A$94,0)),1),0))))) | L95: =IF($A95="","",WORKDAY($K95,$I95-1)) | M95: =IF($A95="","",WORKDAY($N95,-($I95-1))) | N95: =IF($A95="","",IF(COUNTIF($F$96:$F$102,$A95)+COUNTIF($G$96:$G$102,$A95)+COUNTIF($H$96:$H$102,$A95)=0,設定!$B$3,MIN(IF(COUNTIF($F$96:$F$102,$A95)=0,999999,IFERROR(WORKDAY(_xlfn.MINIFS($M$96:$M$102,$F$96:$F$102,$A95),-1),999999)),IF(COUNTIF($G$96:$G$102,$A95)=0,999999,IFERROR(WORKDAY(_xlfn.MINIFS($M$96:$M$102,$G$96:$G$102,$A95),-1),999999)),IF(COUNTIF($H$96:$H$102,$A95)=0,999999,IFERROR(WORKDAY(_xlfn.MINIFS($M$96:$M$102,$H$96:$H$102,$A95),-1),999999))))) | O95: =IF($A95="","",NETWORKDAYS($K95,$M95)-1) | P95: =IF($A95="","",IF($O95<=0,"クリティカル","")) | Q95: =IF($A95="","",IF(AND($J95<>"完了",TODAY()>$L95),"遅延","")) | R95: =IF($A95="","",_xlfn.TEXTJOIN(", ",TRUE(),IF($F95="","",IF(IFERROR(INDEX($J$3:$J$102,MATCH($F95,$A$3:$A$102,0)),"")<>"完了",IFERROR(INDEX($C$3:$C$102,MATCH($F95,$A$3:$A$102,0)),""),"")),IF($G95="","",IF(IFERROR(INDEX($J$3:$J$102,MATCH($G95,$A$3:$A$102,0)),"")<>"完了",IFERROR(INDEX($C$3:$C$102,MATCH($G95,$A$3:$A$102,0)),""),"")),IF($H95="","",IF(IFERROR(INDEX($J$3:$J$102,MATCH($H95,$A$3:$A$102,0)),"")<>"完了",IFERROR(INDEX($C$3:$C$102,MATCH($H95,$A$3:$A$102,0)),""),"")))) | S95: =IF($A95="","",IF($J95<>"完了",1,0))
K96: =IF($A96="","",IF(AND($F96="",$G96="",$H96=""),設定!$B$2,MAX(IF($F96="",0,IFERROR(WORKDAY(INDEX($L$3:$L$95,MATCH($F96,$A$3:$A$95,0)),1),0)),IF($G96="",0,IFERROR(WORKDAY(INDEX($L$3:$L$95,MATCH($G96,$A$3:$A$95,0)),1),0)),IF($H96="",0,IFERROR(WORKDAY(INDEX($L$3:$L$95,MATCH($H96,$A$3:$A$95,0)),1),0))))) | L96: =IF($A96="","",WORKDAY($K96,$I96-1)) | M96: =IF($A96="","",WORKDAY($N96,-($I96-1))) | N96: =IF($A96="","",IF(COUNTIF($F$97:$F$102,$A96)+COUNTIF($G$97:$G$102,$A96)+COUNTIF($H$97:$H$102,$A96)=0,設定!$B$3,MIN(IF(COUNTIF($F$97:$F$102,$A96)=0,999999,IFERROR(WORKDAY(_xlfn.MINIFS($M$97:$M$102,$F$97:$F$102,$A96),-1),999999)),IF(COUNTIF($G$97:$G$102,$A96)=0,999999,IFERROR(WORKDAY(_xlfn.MINIFS($M$97:$M$102,$G$97:$G$102,$A96),-1),999999)),IF(COUNTIF($H$97:$H$102,$A96)=0,999999,IFERROR(WORKDAY(_xlfn.MINIFS($M$97:$M$102,$H$97:$H$102,$A96),-1),999999))))) | O96: =IF($A96="","",NETWORKDAYS($K96,$M96)-1) | P96: =IF($A96="","",IF($O96<=0,"クリティカル","")) | Q96: =IF($A96="","",IF(AND($J96<>"完了",TODAY()>$L96),"遅延","")) | R96: =IF($A96="","",_xlfn.TEXTJOIN(", ",TRUE(),IF($F96="","",IF(IFERROR(INDEX($J$3:$J$102,MATCH($F96,$A$3:$A$102,0)),"")<>"完了",IFERROR(INDEX($C$3:$C$102,MATCH($F96,$A$3:$A$102,0)),""),"")),IF($G96="","",IF(IFERROR(INDEX($J$3:$J$102,MATCH($G96,$A$3:$A$102,0)),"")<>"完了",IFERROR(INDEX($C$3:$C$102,MATCH($G96,$A$3:$A$102,0)),""),"")),IF($H96="","",IF(IFERROR(INDEX($J$3:$J$102,MATCH($H96,$A$3:$A$102,0)),"")<>"完了",IFERROR(INDEX($C$3:$C$102,MATCH($H96,$A$3:$A$102,0)),""),"")))) | S96: =IF($A96="","",IF($J96<>"完了",1,0))
K97: =IF($A97="","",IF(AND($F97="",$G97="",$H97=""),設定!$B$2,MAX(IF($F97="",0,IFERROR(WORKDAY(INDEX($L$3:$L$96,MATCH($F97,$A$3:$A$96,0)),1),0)),IF($G97="",0,IFERROR(WORKDAY(INDEX($L$3:$L$96,MATCH($G97,$A$3:$A$96,0)),1),0)),IF($H97="",0,IFERROR(WORKDAY(INDEX($L$3:$L$96,MATCH($H97,$A$3:$A$96,0)),1),0))))) | L97: =IF($A97="","",WORKDAY($K97,$I97-1)) | M97: =IF($A97="","",WORKDAY($N97,-($I97-1))) | N97: =IF($A97="","",IF(COUNTIF($F$98:$F$102,$A97)+COUNTIF($G$98:$G$102,$A97)+COUNTIF($H$98:$H$102,$A97)=0,設定!$B$3,MIN(IF(COUNTIF($F$98:$F$102,$A97)=0,999999,IFERROR(WORKDAY(_xlfn.MINIFS($M$98:$M$102,$F$98:$F$102,$A97),-1),999999)),IF(COUNTIF($G$98:$G$102,$A97)=0,999999,IFERROR(WORKDAY(_xlfn.MINIFS($M$98:$M$102,$G$98:$G$102,$A97),-1),999999)),IF(COUNTIF($H$98:$H$102,$A97)=0,999999,IFERROR(WORKDAY(_xlfn.MINIFS($M$98:$M$102,$H$98:$H$102,$A97),-1),999999))))) | O97: =IF($A97="","",NETWORKDAYS($K97,$M97)-1) | P97: =IF($A97="","",IF($O97<=0,"クリティカル","")) | Q97: =IF($A97="","",IF(AND($J97<>"完了",TODAY()>$L97),"遅延","")) | R97: =IF($A97="","",_xlfn.TEXTJOIN(", ",TRUE(),IF($F97="","",IF(IFERROR(INDEX($J$3:$J$102,MATCH($F97,$A$3:$A$102,0)),"")<>"完了",IFERROR(INDEX($C$3:$C$102,MATCH($F97,$A$3:$A$102,0)),""),"")),IF($G97="","",IF(IFERROR(INDEX($J$3:$J$102,MATCH($G97,$A$3:$A$102,0)),"")<>"完了",IFERROR(INDEX($C$3:$C$102,MATCH($G97,$A$3:$A$102,0)),""),"")),IF($H97="","",IF(IFERROR(INDEX($J$3:$J$102,MATCH($H97,$A$3:$A$102,0)),"")<>"完了",IFERROR(INDEX($C$3:$C$102,MATCH($H97,$A$3:$A$102,0)),""),"")))) | S97: =IF($A97="","",IF($J97<>"完了",1,0))
K98: =IF($A98="","",IF(AND($F98="",$G98="",$H98=""),設定!$B$2,MAX(IF($F98="",0,IFERROR(WORKDAY(INDEX($L$3:$L$97,MATCH($F98,$A$3:$A$97,0)),1),0)),IF($G98="",0,IFERROR(WORKDAY(INDEX($L$3:$L$97,MATCH($G98,$A$3:$A$97,0)),1),0)),IF($H98="",0,IFERROR(WORKDAY(INDEX($L$3:$L$97,MATCH($H98,$A$3:$A$97,0)),1),0))))) | L98: =IF($A98="","",WORKDAY($K98,$I98-1)) | M98: =IF($A98="","",WORKDAY($N98,-($I98-1))) | N98: =IF($A98="","",IF(COUNTIF($F$99:$F$102,$A98)+COUNTIF($G$99:$G$102,$A98)+COUNTIF($H$99:$H$102,$A98)=0,設定!$B$3,MIN(IF(COUNTIF($F$99:$F$102,$A98)=0,999999,IFERROR(WORKDAY(_xlfn.MINIFS($M$99:$M$102,$F$99:$F$102,$A98),-1),999999)),IF(COUNTIF($G$99:$G$102,$A98)=0,999999,IFERROR(WORKDAY(_xlfn.MINIFS($M$99:$M$102,$G$99:$G$102,$A98),-1),999999)),IF(COUNTIF($H$99:$H$102,$A98)=0,999999,IFERROR(WORKDAY(_xlfn.MINIFS($M$99:$M$102,$H$99:$H$102,$A98),-1),999999))))) | O98: =IF($A98="","",NETWORKDAYS($K98,$M98)-1) | P98: =IF($A98="","",IF($O98<=0,"クリティカル","")) | Q98: =IF($A98="","",IF(AND($J98<>"完了",TODAY()>$L98),"遅延","")) | R98: =IF($A98="","",_xlfn.TEXTJOIN(", ",TRUE(),IF($F98="","",IF(IFERROR(INDEX($J$3:$J$102,MATCH($F98,$A$3:$A$102,0)),"")<>"完了",IFERROR(INDEX($C$3:$C$102,MATCH($F98,$A$3:$A$102,0)),""),"")),IF($G98="","",IF(IFERROR(INDEX($J$3:$J$102,MATCH($G98,$A$3:$A$102,0)),"")<>"完了",IFERROR(INDEX($C$3:$C$102,MATCH($G98,$A$3:$A$102,0)),""),"")),IF($H98="","",IF(IFERROR(INDEX($J$3:$J$102,MATCH($H98,$A$3:$A$102,0)),"")<>"完了",IFERROR(INDEX($C$3:$C$102,MATCH($H98,$A$3:$A$102,0)),""),"")))) | S98: =IF($A98="","",IF($J98<>"完了",1,0))
K99: =IF($A99="","",IF(AND($F99="",$G99="",$H99=""),設定!$B$2,MAX(IF($F99="",0,IFERROR(WORKDAY(INDEX($L$3:$L$98,MATCH($F99,$A$3:$A$98,0)),1),0)),IF($G99="",0,IFERROR(WORKDAY(INDEX($L$3:$L$98,MATCH($G99,$A$3:$A$98,0)),1),0)),IF($H99="",0,IFERROR(WORKDAY(INDEX($L$3:$L$98,MATCH($H99,$A$3:$A$98,0)),1),0))))) | L99: =IF($A99="","",WORKDAY($K99,$I99-1)) | M99: =IF($A99="","",WORKDAY($N99,-($I99-1))) | N99: =IF($A99="","",IF(COUNTIF($F$100:$F$102,$A99)+COUNTIF($G$100:$G$102,$A99)+COUNTIF($H$100:$H$102,$A99)=0,設定!$B$3,MIN(IF(COUNTIF($F$100:$F$102,$A99)=0,999999,IFERROR(WORKDAY(_xlfn.MINIFS($M$100:$M$102,$F$100:$F$102,$A99),-1),999999)),IF(COUNTIF($G$100:$G$102,$A99)=0,999999,IFERROR(WORKDAY(_xlfn.MINIFS($M$100:$M$102,$G$100:$G$102,$A99),-1),999999)),IF(COUNTIF($H$100:$H$102,$A99)=0,999999,IFERROR(WORKDAY(_xlfn.MINIFS($M$100:$M$102,$H$100:$H$102,$A99),-1),999999))))) | O99: =IF($A99="","",NETWORKDAYS($K99,$M99)-1) | P99: =IF($A99="","",IF($O99<=0,"クリティカル","")) | Q99: =IF($A99="","",IF(AND($J99<>"完了",TODAY()>$L99),"遅延","")) | R99: =IF($A99="","",_xlfn.TEXTJOIN(", ",TRUE(),IF($F99="","",IF(IFERROR(INDEX($J$3:$J$102,MATCH($F99,$A$3:$A$102,0)),"")<>"完了",IFERROR(INDEX($C$3:$C$102,MATCH($F99,$A$3:$A$102,0)),""),"")),IF($G99="","",IF(IFERROR(INDEX($J$3:$J$102,MATCH($G99,$A$3:$A$102,0)),"")<>"完了",IFERROR(INDEX($C$3:$C$102,MATCH($G99,$A$3:$A$102,0)),""),"")),IF($H99="","",IF(IFERROR(INDEX($J$3:$J$102,MATCH($H99,$A$3:$A$102,0)),"")<>"完了",IFERROR(INDEX($C$3:$C$102,MATCH($H99,$A$3:$A$102,0)),""),"")))) | S99: =IF($A99="","",IF($J99<>"完了",1,0))
K100: =IF($A100="","",IF(AND($F100="",$G100="",$H100=""),設定!$B$2,MAX(IF($F100="",0,IFERROR(WORKDAY(INDEX($L$3:$L$99,MATCH($F100,$A$3:$A$99,0)),1),0)),IF($G100="",0,IFERROR(WORKDAY(INDEX($L$3:$L$99,MATCH($G100,$A$3:$A$99,0)),1),0)),IF($H100="",0,IFERROR(WORKDAY(INDEX($L$3:$L$99,MATCH($H100,$A$3:$A$99,0)),1),0))))) | L100: =IF($A100="","",WORKDAY($K100,$I100-1)) | M100: =IF($A100="","",WORKDAY($N100,-($I100-1))) | N100: =IF($A100="","",IF(COUNTIF($F$101:$F$102,$A100)+COUNTIF($G$101:$G$102,$A100)+COUNTIF($H$101:$H$102,$A100)=0,設定!$B$3,MIN(IF(COUNTIF($F$101:$F$102,$A100)=0,999999,IFERROR(WORKDAY(_xlfn.MINIFS($M$101:$M$102,$F$101:$F$102,$A100),-1),999999)),IF(COUNTIF($G$101:$G$102,$A100)=0,999999,IFERROR(WORKDAY(_xlfn.MINIFS($M$101:$M$102,$G$101:$G$102,$A100),-1),999999)),IF(COUNTIF($H$101:$H$102,$A100)=0,999999,IFERROR(WORKDAY(_xlfn.MINIFS($M$101:$M$102,$H$101:$H$102,$A100),-1),999999))))) | O100: =IF($A100="","",NETWORKDAYS($K100,$M100)-1) | P100: =IF($A100="","",IF($O100<=0,"クリティカル","")) | Q100: =IF($A100="","",IF(AND($J100<>"完了",TODAY()>$L100),"遅延","")) | R100: =IF($A100="","",_xlfn.TEXTJOIN(", ",TRUE(),IF($F100="","",IF(IFERROR(INDEX($J$3:$J$102,MATCH($F100,$A$3:$A$102,0)),"")<>"完了",IFERROR(INDEX($C$3:$C$102,MATCH($F100,$A$3:$A$102,0)),""),"")),IF($G100="","",IF(IFERROR(INDEX($J$3:$J$102,MATCH($G100,$A$3:$A$102,0)),"")<>"完了",IFERROR(INDEX($C$3:$C$102,MATCH($G100,$A$3:$A$102,0)),""),"")),IF($H100="","",IF(IFERROR(INDEX($J$3:$J$102,MATCH($H100,$A$3:$A$102,0)),"")<>"完了",IFERROR(INDEX($C$3:$C$102,MATCH($H100,$A$3:$A$102,0)),""),"")))) | S100: =IF($A100="","",IF($J100<>"完了",1,0))
...

Sheet ダッシュボード
A1: ダッシュボード
A3: ■ 担当者別サマリ
A4: 担当者 | B4: 残タスク数 | C4: 遅延タスク数 | D4: クリティカル 残タスク数
A5: =IF(INDEX(担当者一覧!$B$3:$B$12,1)="","",INDEX(担当者一覧!$B$3:$B$12,1)) -> 担当者A(例) | B5: =IF($A5="","",COUNTIFS(タスク一覧!$E$3:$E$102,$A5,タスク一覧!$S$3:$S$102,1)) -> 2 | C5: =IF($A5="","",COUNTIFS(タスク一覧!$E$3:$E$102,$A5,タスク一覧!$Q$3:$Q$102,"遅延")) -> 0 | D5: =IF($A5="","",COUNTIFS(タスク一覧!$E$3:$E$102,$A5,タスク一覧!$P$3:$P$102,"クリティカル",タスク一覧!$S$3:$S$102,1)) -> 1
A6: =IF(INDEX(担当者一覧!$B$3:$B$12,2)="","",INDEX(担当者一覧!$B$3:$B$12,2)) -> 担当者B(例) | B6: =IF($A6="","",COUNTIFS(タスク一覧!$E$3:$E$102,$A6,タスク一覧!$S$3:$S$102,1)) -> 4 | C6: =IF($A6="","",COUNTIFS(タスク一覧!$E$3:$E$102,$A6,タスク一覧!$Q$3:$Q$102,"遅延")) -> 0 | D6: =IF($A6="","",COUNTIFS(タスク一覧!$E$3:$E$102,$A6,タスク一覧!$P$3:$P$102,"クリティカル",タスク一覧!$S$3:$S$102,1)) -> 3
A7: =IF(INDEX(担当者一覧!$B$3:$B$12,3)="","",INDEX(担当者一覧!$B$3:$B$12,3)) -> 担当者C(例) | B7: =IF($A7="","",COUNTIFS(タスク一覧!$E$3:$E$102,$A7,タスク一覧!$S$3:$S$102,1)) -> 3 | C7: =IF($A7="","",COUNTIFS(タスク一覧!$E$3:$E$102,$A7,タスク一覧!$Q$3:$Q$102,"遅延")) -> 0 | D7: =IF($A7="","",COUNTIFS(タスク一覧!$E$3:$E$102,$A7,タスク一覧!$P$3:$P$102,"クリティカル",タスク一覧!$S$3:$S$102,1)) -> 3
A8: =IF(INDEX(担当者一覧!$B$3:$B$12,4)="","",INDEX(担当者一覧!$B$3:$B$12,4)) | B8: =IF($A8="","",COUNTIFS(タスク一覧!$E$3:$E$102,$A8,タスク一覧!$S$3:$S$102,1)) | C8: =IF($A8="","",COUNTIFS(タスク一覧!$E$3:$E$102,$A8,タスク一覧!$Q$3:$Q$102,"遅延")) | D8: =IF($A8="","",COUNTIFS(タスク一覧!$E$3:$E$102,$A8,タスク一覧!$P$3:$P$102,"クリティカル",タスク一覧!$S$3:$S$102,1))
A9: =IF(INDEX(担当者一覧!$B$3:$B$12,5)="","",INDEX(担当者一覧!$B$3:$B$12,5)) | B9: =IF($A9="","",COUNTIFS(タスク一覧!$E$3:$E$102,$A9,タスク一覧!$S$3:$S$102,1)) | C9: =IF($A9="","",COUNTIFS(タスク一覧!$E$3:$E$102,$A9,タスク一覧!$Q$3:$Q$102,"遅延")) | D9: =IF($A9="","",COUNTIFS(タスク一覧!$E$3:$E$102,$A9,タスク一覧!$P$3:$P$102,"クリティカル",タスク一覧!$S$3:$S$102,1))
A10: =IF(INDEX(担当者一覧!$B$3:$B$12,6)="","",INDEX(担当者一覧!$B$3:$B$12,6)) | B10: =IF($A10="","",COUNTIFS(タスク一覧!$E$3:$E$102,$A10,タスク一覧!$S$3:$S$102,1)) | C10: =IF($A10="","",COUNTIFS(タスク一覧!$E$3:$E$102,$A10,タスク一覧!$Q$3:$Q$102,"遅延")) | D10: =IF($A10="","",COUNTIFS(タスク一覧!$E$3:$E$102,$A10,タスク一覧!$P$3:$P$102,"クリティカル",タスク一覧!$S$3:$S$102,1))
A11: =IF(INDEX(担当者一覧!$B$3:$B$12,7)="","",INDEX(担当者一覧!$B$3:$B$12,7)) | B11: =IF($A11="","",COUNTIFS(タスク一覧!$E$3:$E$102,$A11,タスク一覧!$S$3:$S$102,1)) | C11: =IF($A11="","",COUNTIFS(タスク一覧!$E$3:$E$102,$A11,タスク一覧!$Q$3:$Q$102,"遅延")) | D11: =IF($A11="","",COUNTIFS(タスク一覧!$E$3:$E$102,$A11,タスク一覧!$P$3:$P$102,"クリティカル",タスク一覧!$S$3:$S$102,1))
A12: =IF(INDEX(担当者一覧!$B$3:$B$12,8)="","",INDEX(担当者一覧!$B$3:$B$12,8)) | B12: =IF($A12="","",COUNTIFS(タスク一覧!$E$3:$E$102,$A12,タスク一覧!$S$3:$S$102,1)) | C12: =IF($A12="","",COUNTIFS(タスク一覧!$E$3:$E$102,$A12,タスク一覧!$Q$3:$Q$102,"遅延")) | D12: =IF($A12="","",COUNTIFS(タスク一覧!$E$3:$E$102,$A12,タスク一覧!$P$3:$P$102,"クリティカル",タスク一覧!$S$3:$S$102,1))
A13: =IF(INDEX(担当者一覧!$B$3:$B$12,9)="","",INDEX(担当者一覧!$B$3:$B$12,9)) | B13: =IF($A13="","",COUNTIFS(タスク一覧!$E$3:$E$102,$A13,タスク一覧!$S$3:$S$102,1)) | C13: =IF($A13="","",COUNTIFS(タスク一覧!$E$3:$E$102,$A13,タスク一覧!$Q$3:$Q$102,"遅延")) | D13: =IF($A13="","",COUNTIFS(タスク一覧!$E$3:$E$102,$A13,タスク一覧!$P$3:$P$102,"クリティカル",タスク一覧!$S$3:$S$102,1))
A14: =IF(INDEX(担当者一覧!$B$3:$B$12,10)="","",INDEX(担当者一覧!$B$3:$B$12,10)) | B14: =IF($A14="","",COUNTIFS(タスク一覧!$E$3:$E$102,$A14,タスク一覧!$S$3:$S$102,1)) | C14: =IF($A14="","",COUNTIFS(タスク一覧!$E$3:$E$102,$A14,タスク一覧!$Q$3:$Q$102,"遅延")) | D14: =IF($A14="","",COUNTIFS(タスク一覧!$E$3:$E$102,$A14,タスク一覧!$P$3:$P$102,"クリティカル",タスク一覧!$S$3:$S$102,1))
A16: ■ マイルストーン別サマリ
A17: マイルストーン | B17: 期限 | C17: 全タスク数 | D17: 残タスク数 | E17: 進捗率 | F17: 遅延タスク数
A18: =IF(INDEX(マイルストーン一覧!$B$3:$B$12,1)="","",INDEX(マイルストーン一覧!$B$3:$B$12,1)) -> 要件定義完了 | B18: =IF($A18="","",INDEX(マイルストーン一覧!$C$3:$C$12,1)) -> 46248 | C18: =IF($A18="","",COUNTIF(タスク一覧!$D$3:$D$102,$A18)) -> 3 | D18: =IF($A18="","",COUNTIFS(タスク一覧!$D$3:$D$102,$A18,タスク一覧!$S$3:$S$102,1)) -> 1 | E18: =IF(OR($A18="",$C18=0),"",($C18-$D18)/$C18) -> 0.66666667 | F18: =IF($A18="","",COUNTIFS(タスク一覧!$D$3:$D$102,$A18,タスク一覧!$Q$3:$Q$102,"遅延")) -> 0
A19: =IF(INDEX(マイルストーン一覧!$B$3:$B$12,2)="","",INDEX(マイルストーン一覧!$B$3:$B$12,2)) -> 設計完了 | B19: =IF($A19="","",INDEX(マイルストーン一覧!$C$3:$C$12,2)) -> 46276 | C19: =IF($A19="","",COUNTIF(タスク一覧!$D$3:$D$102,$A19)) -> 4 | D19: =IF($A19="","",COUNTIFS(タスク一覧!$D$3:$D$102,$A19,タスク一覧!$S$3:$S$102,1)) -> 4 | E19: =IF(OR($A19="",$C19=0),"",($C19-$D19)/$C19) -> 0 | F19: =IF($A19="","",COUNTIFS(タスク一覧!$D$3:$D$102,$A19,タスク一覧!$Q$3:$Q$102,"遅延")) -> 0
A20: =IF(INDEX(マイルストーン一覧!$B$3:$B$12,3)="","",INDEX(マイルストーン一覧!$B$3:$B$12,3)) -> リリース | B20: =IF($A20="","",INDEX(マイルストーン一覧!$C$3:$C$12,3)) -> 46304 | C20: =IF($A20="","",COUNTIF(タスク一覧!$D$3:$D$102,$A20)) -> 4 | D20: =IF($A20="","",COUNTIFS(タスク一覧!$D$3:$D$102,$A20,タスク一覧!$S$3:$S$102,1)) -> 4 | E20: =IF(OR($A20="",$C20=0),"",($C20-$D20)/$C20) -> 0 | F20: =IF($A20="","",COUNTIFS(タスク一覧!$D$3:$D$102,$A20,タスク一覧!$Q$3:$Q$102,"遅延")) -> 0
A21: =IF(INDEX(マイルストーン一覧!$B$3:$B$12,4)="","",INDEX(マイルストーン一覧!$B$3:$B$12,4)) | B21: =IF($A21="","",INDEX(マイルストーン一覧!$C$3:$C$12,4)) | C21: =IF($A21="","",COUNTIF(タスク一覧!$D$3:$D$102,$A21)) | D21: =IF($A21="","",COUNTIFS(タスク一覧!$D$3:$D$102,$A21,タスク一覧!$S$3:$S$102,1)) | E21: =IF(OR($A21="",$C21=0),"",($C21-$D21)/$C21) | F21: =IF($A21="","",COUNTIFS(タスク一覧!$D$3:$D$102,$A21,タスク一覧!$Q$3:$Q$102,"遅延"))
A22: =IF(INDEX(マイルストーン一覧!$B$3:$B$12,5)="","",INDEX(マイルストーン一覧!$B$3:$B$12,5)) | B22: =IF($A22="","",INDEX(マイルストーン一覧!$C$3:$C$12,5)) | C22: =IF($A22="","",COUNTIF(タスク一覧!$D$3:$D$102,$A22)) | D22: =IF($A22="","",COUNTIFS(タスク一覧!$D$3:$D$102,$A22,タスク一覧!$S$3:$S$102,1)) | E22: =IF(OR($A22="",$C22=0),"",($C22-$D22)/$C22) | F22: =IF($A22="","",COUNTIFS(タスク一覧!$D$3:$D$102,$A22,タスク一覧!$Q$3:$Q$102,"遅延"))
A23: =IF(INDEX(マイルストーン一覧!$B$3:$B$12,6)="","",INDEX(マイルストーン一覧!$B$3:$B$12,6)) | B23: =IF($A23="","",INDEX(マイルストーン一覧!$C$3:$C$12,6)) | C23: =IF($A23="","",COUNTIF(タスク一覧!$D$3:$D$102,$A23)) | D23: =IF($A23="","",COUNTIFS(タスク一覧!$D$3:$D$102,$A23,タスク一覧!$S$3:$S$102,1)) | E23: =IF(OR($A23="",$C23=0),"",($C23-$D23)/$C23) | F23: =IF($A23="","",COUNTIFS(タスク一覧!$D$3:$D$102,$A23,タスク一覧!$Q$3:$Q$102,"遅延"))
A24: =IF(INDEX(マイルストーン一覧!$B$3:$B$12,7)="","",INDEX(マイルストーン一覧!$B$3:$B$12,7)) | B24: =IF($A24="","",INDEX(マイルストーン一覧!$C$3:$C$12,7)) | C24: =IF($A24="","",COUNTIF(タスク一覧!$D$3:$D$102,$A24)) | D24: =IF($A24="","",COUNTIFS(タスク一覧!$D$3:$D$102,$A24,タスク一覧!$S$3:$S$102,1)) | E24: =IF(OR($A24="",$C24=0),"",($C24-$D24)/$C24) | F24: =IF($A24="","",COUNTIFS(タスク一覧!$D$3:$D$102,$A24,タスク一覧!$Q$3:$Q$102,"遅延"))
A25: =IF(INDEX(マイルストーン一覧!$B$3:$B$12,8)="","",INDEX(マイルストーン一覧!$B$3:$B$12,8)) | B25: =IF($A25="","",INDEX(マイルストーン一覧!$C$3:$C$12,8)) | C25: =IF($A25="","",COUNTIF(タスク一覧!$D$3:$D$102,$A25)) | D25: =IF($A25="","",COUNTIFS(タスク一覧!$D$3:$D$102,$A25,タスク一覧!$S$3:$S$102,1)) | E25: =IF(OR($A25="",$C25=0),"",($C25-$D25)/$C25) | F25: =IF($A25="","",COUNTIFS(タスク一覧!$D$3:$D$102,$A25,タスク一覧!$Q$3:$Q$102,"遅延"))
A26: =IF(INDEX(マイルストーン一覧!$B$3:$B$12,9)="","",INDEX(マイルストーン一覧!$B$3:$B$12,9)) | B26: =IF($A26="","",INDEX(マイルストーン一覧!$C$3:$C$12,9)) | C26: =IF($A26="","",COUNTIF(タスク一覧!$D$3:$D$102,$A26)) | D26: =IF($A26="","",COUNTIFS(タスク一覧!$D$3:$D$102,$A26,タスク一覧!$S$3:$S$102,1)) | E26: =IF(OR($A26="",$C26=0),"",($C26-$D26)/$C26) | F26: =IF($A26="","",COUNTIFS(タスク一覧!$D$3:$D$102,$A26,タスク一覧!$Q$3:$Q$102,"遅延"))
A27: =IF(INDEX(マイルストーン一覧!$B$3:$B$12,10)="","",INDEX(マイルストーン一覧!$B$3:$B$12,10)) | B27: =IF($A27="","",INDEX(マイルストーン一覧!$C$3:$C$12,10)) | C27: =IF($A27="","",COUNTIF(タスク一覧!$D$3:$D$102,$A27)) | D27: =IF($A27="","",COUNTIFS(タスク一覧!$D$3:$D$102,$A27,タスク一覧!$S$3:$S$102,1)) | E27: =IF(OR($A27="",$C27=0),"",($C27-$D27)/$C27) | F27: =IF($A27="","",COUNTIFS(タスク一覧!$D$3:$D$102,$A27,タスク一覧!$Q$3:$Q$102,"遅延"))
A29: ■ プロジェクト全体サマリ
A30: 総タスク数 | B30: =COUNT(タスク一覧!$A$3:$A$102) -> 11
A31: 残タスク数 | B31: =SUM(タスク一覧!$S$3:$S$102) -> 9
A32: クリティカル残タスク数 | B32: =COUNTIFS(タスク一覧!$P$3:$P$102,"クリティカル",タスク一覧!$S$3:$S$102,1) -> 7
A33: 遅延タスク数 | B33: =COUNTIF(タスク一覧!$Q$3:$Q$102,"遅延") -> 0
A34: プロジェクト開始日 | B34: =設定!$B$2 -> 46237
A35: プロジェクト終了予定日 | B35: =設定!$B$3 -> 46280
